miRNA,Gene
hsa-miR-590-5p,PDCD4
hsa-miR-590-5p,TMEM170A
hsa-miR-590-5p,RBPJ
hsa-miR-590-5p,STAT3
hsa-miR-590-5p,FRS2
hsa-miR-590-5p,CBX4
hsa-miR-590-5p,MBNL1
hsa-miR-590-5p,KLHL15
hsa-miR-590-5p,GID4
hsa-miR-182-5p,FLOT1
hsa-miR-182-5p,MITF
hsa-miR-182-5p,FOXF2
hsa-miR-182-5p,ADCY6
hsa-miR-182-5p,RARG
hsa-miR-182-5p,NPTX1
hsa-miR-182-5p,RASA2
hsa-miR-182-5p,RECK
hsa-miR-182-5p,FBXW7
hsa-miR-182-5p,PPM1L
hsa-miR-182-5p,FOXO3
hsa-miR-182-5p,EVI5
hsa-miR-182-5p,FGF9
hsa-miR-182-5p,IGF1R
hsa-miR-182-5p,BCL2
hsa-miR-182-5p,GABRB1
hsa-miR-182-5p,LSM14A
hsa-miR-182-5p,CITED2
hsa-miR-182-5p,CCND2
hsa-miR-182-5p,PFN1
hsa-miR-182-5p,USP5
hsa-miR-182-5p,CREB1
hsa-miR-182-5p,MTSS1
hsa-miR-182-5p,HOXA9
hsa-miR-182-5p,NUP50
hsa-miR-182-5p,CLOCK
hsa-miR-182-5p,THBS1
hsa-miR-182-5p,CASP2
hsa-miR-182-5p,DDAH1
hsa-miR-182-5p,RCC2
hsa-miR-182-5p,SATB2
hsa-miR-182-5p,LRRC4
hsa-miR-182-5p,TMEM170B
hsa-miR-182-5p,NDRG1
hsa-miR-182-5p,FOXO1
hsa-miR-182-5p,EIF4EBP2
hsa-miR-182-5p,PPP1R12A
hsa-miR-182-5p,ACER2
hsa-miR-182-5p,ARRDC3
hsa-miR-182-5p,PRKAA2
hsa-miR-182-5p,CHL1
hsa-miR-182-5p,TP53INP1
hsa-miR-182-5p,SESN2
hsa-miR-182-5p,STK17B
hsa-miR-182-5p,PPP1R11
hsa-miR-182-5p,KDM5A
hsa-miR-182-5p,QSER1
hsa-miR-182-5p,CYLD
hsa-miR-182-5p,NUFIP2
hsa-miR-182-5p,CADM1
