"name","type","x","y"
"hsa_circRNA_000554","circRNA",0,0
"hsa-miR-182-5p","miRNA",0,-2
"hsa-miR-590-5p","miRNA",0,2
"FOXO3","mRNA",-3.262708033,-3.521425742
"RECK","mRNA",-2.836838713,-4.216381311
"BCL2","mRNA",-2.265553408,-4.797725461
"PPM1L","mRNA",-1.578136128,-5.235658567
"KDM5A","mRNA",-0.809823796,-5.507732233
"CADM1","mRNA",-6.61e-16,-5.6
"CYLD","mRNA",0.809823796,-5.507732233
"HOXA9","mRNA",2.265553408,-4.797725461
"CASP2","mRNA",2.836838713,-4.216381311
"LSM14A","mRNA",3.262708033,-3.521425742
"PDCD4","mRNA",2.539371337,3.778086953
