"Node","Type","Degree"
"hsa-miR-590-5p","miRNA",9
"hsa-miR-182-5p","miRNA",50
"PDCD4","Gene",1
"TMEM170A","Gene",1
"RBPJ","Gene",1
"STAT3","Gene",1
"FRS2","Gene",1
"CBX4","Gene",1
"MBNL1","Gene",1
"KLHL15","Gene",1
"GID4","Gene",1
"FLOT1","Gene",1
"MITF","Gene",1
"FOXF2","Gene",1
"ADCY6","Gene",1
"RARG","Gene",1
"NPTX1","Gene",1
"RASA2","Gene",1
"RECK","Gene",1
"FBXW7","Gene",1
"PPM1L","Gene",1
"FOXO3","Gene",1
"EVI5","Gene",1
"FGF9","Gene",1
"IGF1R","Gene",1
"BCL2","Gene",1
"GABRB1","Gene",1
"LSM14A","Gene",1
"CITED2","Gene",1
"CCND2","Gene",1
"PFN1","Gene",1
"USP5","Gene",1
"CREB1","Gene",1
"MTSS1","Gene",1
"HOXA9","Gene",1
"NUP50","Gene",1
"CLOCK","Gene",1
"THBS1","Gene",1
"CASP2","Gene",1
"DDAH1","Gene",1
"RCC2","Gene",1
"SATB2","Gene",1
"LRRC4","Gene",1
"TMEM170B","Gene",1
"NDRG1","Gene",1
"FOXO1","Gene",1
"EIF4EBP2","Gene",1
"PPP1R12A","Gene",1
"ACER2","Gene",1
"ARRDC3","Gene",1
"PRKAA2","Gene",1
"CHL1","Gene",1
"TP53INP1","Gene",1
"SESN2","Gene",1
"STK17B","Gene",1
"PPP1R11","Gene",1
"KDM5A","Gene",1
"QSER1","Gene",1
"CYLD","Gene",1
"NUFIP2","Gene",1
"CADM1","Gene",1
