circRNA,Gene,logFC,AveExpr,t,P.Value,adj.P.Val,B,ProbeID,miRNA,Direction,Nominal_P005,FDR_adjP005
hsa_circRNA_000554,FOXO3,-0.843472222222221,7.6924,-3.00411077734033,0.00522703628426,0.590668916974309,-2.27606955957607,224891_at,hsa-miR-182-5p,Downregulated_in_Recurrence,Yes,No
hsa_circRNA_000554,PDCD4,-1.07506944444444,7.5364,-2.99552159001455,0.00534213628875325,0.590668916974309,-2.29097759226007,212594_at,hsa-miR-590-5p,Downregulated_in_Recurrence,Yes,No
hsa_circRNA_000554,RECK,-1.12027777777778,2.3008,-2.70313173847795,0.0110357890797508,0.608861521630043,-2.78661419781081,216156_at,hsa-miR-182-5p,Downregulated_in_Recurrence,Yes,No
hsa_circRNA_000554,BCL2,-1.13666666666667,5.1192,-2.67382247125358,0.0118467467375144,0.612888798094404,-2.83490519993585,203685_at,hsa-miR-182-5p,Downregulated_in_Recurrence,Yes,No
hsa_circRNA_000554,PPM1L,-1.07347222222222,2.7252,-2.47603481835039,0.0189368240023113,0.619332799603237,-3.15322660826961,229506_at,hsa-miR-182-5p,Downregulated_in_Recurrence,Yes,No
hsa_circRNA_000554,KDM5A,-0.712291666666668,7.8208,-2.3559216775747,0.0249643849796095,0.619332799603237,-3.3395706429399,226371_at,hsa-miR-182-5p,Downregulated_in_Recurrence,Yes,No
hsa_circRNA_000554,CADM1,-0.804791666666665,7.6816,-2.29515371917236,0.028636004313665,0.626171658369873,-3.43166962334721,209031_at,hsa-miR-182-5p,Downregulated_in_Recurrence,Yes,No
hsa_circRNA_000554,CYLD,-0.714166666666668,4.0996,-2.23742819818752,0.0325683234309061,0.63690591674303,-3.51773546978161,213295_at,hsa-miR-182-5p,Downregulated_in_Recurrence,Yes,No
hsa_circRNA_000554,HOXA9,-1.33055555555556,3.254,-2.22087787719938,0.0337819496335541,0.63690591674303,-3.5421487132821,209905_at,hsa-miR-182-5p,Downregulated_in_Recurrence,Yes,No
hsa_circRNA_000554,CASP2,-0.657847222222223,9.0612,-2.16577078288192,0.0381203585916647,0.64467386514051,-3.62257247841133,226032_at,hsa-miR-182-5p,Downregulated_in_Recurrence,Yes,No
hsa_circRNA_000554,LSM14A,-0.60361111111111,6.8348,-2.15543099853458,0.0389876654462207,0.645281450028413,-3.63751204027054,222099_s_at,hsa-miR-182-5p,Downregulated_in_Recurrence,Yes,No
