#node1	node2	node1_string_id	node2_string_id	neighborhood_on_chromosome	gene_fusion	phylogenetic_cooccurrence	homology	coexpression	experimentally_determined_interaction	database_annotated	automated_textmining	combined_score
BCL2	THBS1	9606.ENSP00000381185	9606.ENSP00000260356	0	0	0	0	0	0	0	0.405	0.405
BCL2	STAT3	9606.ENSP00000381185	9606.ENSP00000264657	0	0	0	0	0	0.056	0.750	0.840	0.959
BCL2	PDCD4	9606.ENSP00000381185	9606.ENSP00000280154	0	0	0	0	0.064	0	0	0.603	0.613
BCL2	CASP2	9606.ENSP00000381185	9606.ENSP00000312664	0	0	0	0	0.086	0.292	0	0.687	0.780
BCL2	CADM1	9606.ENSP00000381185	9606.ENSP00000329797	0	0	0	0	0	0.125	0	0.369	0.424
BCL2	FOXO3	9606.ENSP00000381185	9606.ENSP00000339527	0	0	0	0	0	0	0	0.730	0.730
BCL2	HOXA9	9606.ENSP00000381185	9606.ENSP00000343619	0	0	0	0	0	0	0	0.591	0.591
CADM1	STAT3	9606.ENSP00000329797	9606.ENSP00000264657	0	0	0	0	0	0.091	0	0.381	0.414
CYLD	STAT3	9606.ENSP00000392025	9606.ENSP00000264657	0	0	0	0	0.095	0.095	0	0.614	0.656
FOXO3	STAT3	9606.ENSP00000339527	9606.ENSP00000264657	0	0	0	0	0.081	0	0.900	0.787	0.978
FOXO3	PDCD4	9606.ENSP00000339527	9606.ENSP00000280154	0	0	0	0	0.056	0	0	0.394	0.403
FOXO3	RECK	9606.ENSP00000339527	9606.ENSP00000367202	0	0	0	0	0	0	0	0.474	0.474
HOXA9	KDM5A	9606.ENSP00000343619	9606.ENSP00000382688	0	0	0	0	0	0.052	0	0.549	0.554
PDCD4	THBS1	9606.ENSP00000280154	9606.ENSP00000260356	0	0	0	0	0	0	0	0.479	0.479
PDCD4	STAT3	9606.ENSP00000280154	9606.ENSP00000264657	0	0	0	0	0.056	0	0	0.520	0.528
PDCD4	RECK	9606.ENSP00000280154	9606.ENSP00000367202	0	0	0	0	0.042	0	0	0.793	0.793
STAT3	THBS1	9606.ENSP00000264657	9606.ENSP00000260356	0	0	0	0	0.120	0.079	0	0.462	0.526
