"circRNA","miRNA","Gene","logFC","P.Value","Regulation"
"hsa_circRNA_000554","hsa-miR-182-5p","FOXO3",-0.843472222,0.005227036,"Downregulated"
"hsa_circRNA_000554","hsa-miR-590-5p","PDCD4",-1.075069444,0.005342136,"Downregulated"
"hsa_circRNA_000554","hsa-miR-182-5p","RECK",-1.120277778,0.011035789,"Downregulated"
"hsa_circRNA_000554","hsa-miR-182-5p","BCL2",-1.136666667,0.011846747,"Downregulated"
"hsa_circRNA_000554","hsa-miR-182-5p","PPM1L",-1.073472222,0.018936824,"Downregulated"
"hsa_circRNA_000554","hsa-miR-590-5p","CBX4",0.767083333,0.019272486,"Upregulated"
"hsa_circRNA_000554","hsa-miR-590-5p","STAT3",0.820555556,0.020117962,"Upregulated"
"hsa_circRNA_000554","hsa-miR-182-5p","KDM5A",-0.712291667,0.024964385,"Downregulated"
"hsa_circRNA_000554","hsa-miR-182-5p","CADM1",-0.804791667,0.028636004,"Downregulated"
"hsa_circRNA_000554","hsa-miR-182-5p","CYLD",-0.714166667,0.032568323,"Downregulated"
"hsa_circRNA_000554","hsa-miR-182-5p","THBS1",1.111736111,0.032891655,"Upregulated"
"hsa_circRNA_000554","hsa-miR-182-5p","HOXA9",-1.330555556,0.03378195,"Downregulated"
"hsa_circRNA_000554","hsa-miR-182-5p","CASP2",-0.657847222,0.038120359,"Downregulated"
"hsa_circRNA_000554","hsa-miR-182-5p","LSM14A",-0.603611111,0.038987665,"Downregulated"
