"miRNA","logFC","t_stat","P.Value","adj.P.Val","Regulation","negLog10_adjP","abs_t","Highlight"
"hsa-miR-548q",-5.015710721,-10.20699779,0.00048343,0.042163523,"Downregulated",1.37506310852755,10.20699779,"Other miRNAs"
"hsa-miR-139-5p",-4.079665749,-17.55203429,5.6e-05,0.011225868,"Downregulated",1.9497800687624,17.55203429,"Other miRNAs"
"hsa-miR-4486",-4.048513099,-15.8940877,8.33e-05,0.012811947,"Downregulated",1.89238486657824,15.8940877,"Other miRNAs"
"hsa-miR-557",-3.65722444,-15.93969067,8.23e-05,0.012811947,"Downregulated",1.89238486657824,15.93969067,"Other miRNAs"
"hsa-miR-3156-5p",-3.652308552,-13.25545821,0.000171907,0.018149799,"Downregulated",1.7411281801967,13.25545821,"Other miRNAs"
"hsa-miR-3137",-3.522476766,-10.68316138,0.00040404,0.038338068,"Downregulated",1.41636977664524,10.68316138,"Other miRNAs"
"hsa-miR-3125",-3.509035326,-51.62793481,7.18e-07,0.000996655,"Downregulated",3.00145515013966,51.62793481,"Other miRNAs"
"hsa-miR-4488",-3.388072297,-24.6598199,1.42e-05,0.004762807,"Downregulated",2.32213701675279,24.6598199,"Other miRNAs"
"hsa-miR-6512-5p",-3.344015276,-27.01443161,9.86e-06,0.003955583,"Downregulated",2.40278949825395,27.01443161,"Other miRNAs"
"hsa-miR-4532",-2.92182247,-13.54995964,0.000157507,0.018149799,"Downregulated",1.7411281801967,13.54995964,"Other miRNAs"
"hsa-miR-335-3p",-2.775362631,-13.36548019,0.000166344,0.018149799,"Downregulated",1.7411281801967,13.36548019,"Other miRNAs"
"hsa-miR-224-3p",-2.492654705,-13.04092127,0.000183437,0.01839875,"Downregulated",1.73521168169389,13.04092127,"Other miRNAs"
"hsa-miR-452-5p",-2.414298168,-47.64100375,9.94e-07,0.000996655,"Downregulated",3.00145515013966,47.64100375,"Other miRNAs"
"hsa-miR-4672",-2.40481315,-14.5777724,0.000117672,0.01476499,"Downregulated",1.83076684283682,14.5777724,"Other miRNAs"
"hsa-miR-4481",-2.388955364,-16.0687109,7.97e-05,0.012811947,"Downregulated",1.89238486657824,16.0687109,"Other miRNAs"
"hsa-miR-4734",-2.303625838,-10.57567297,0.000420457,0.038338068,"Downregulated",1.41636977664524,10.57567297,"Other miRNAs"
"hsa-miR-4497",-1.944393433,-9.828333229,0.000560742,0.046868707,"Downregulated",1.329117027502,9.828333229,"Other miRNAs"
"hsa-miR-18b-5p",3.051370759,17.66469358,5.45e-05,0.011225868,"Upregulated",1.9497800687624,17.66469358,"Other miRNAs"
"hsa-miR-491-3p",3.990952836,17.67163219,5.45e-05,0.011225868,"Upregulated",1.9497800687624,17.67163219,"Other miRNAs"
"hsa-miR-182-5p",4.023922057,30.89499019,5.73e-06,0.002874999,"Upregulated",2.54136230203333,30.89499019,"Selected miRNAs"
"hsa-miR-183-5p",4.144674611,14.57483359,0.000117767,0.01476499,"Upregulated",1.83076684283682,14.57483359,"Other miRNAs"
"hsa-miR-590-5p",4.437052291,33.38911793,4.19e-06,0.002800684,"Upregulated",2.55273588967632,33.38911793,"Selected miRNAs"
"hsa-miR-18a-5p",4.443717364,17.60110968,5.53e-05,0.011225868,"Upregulated",1.9497800687624,17.60110968,"Other miRNAs"
"hsa-miR-362-3p",4.500333881,15.61458653,8.94e-05,0.012811947,"Upregulated",1.89238486657824,15.61458653,"Other miRNAs"
