ONTOLOGY,ID,Description,GeneRatio,BgRatio,RichFactor,FoldEnrichment,zScore,pvalue,p.adjust,qvalue,geneID,Count
BP,GO:0097191,extrinsic apoptotic signaling pathway,4/11,239/18860,0.016736401673640166,28.695321414986687,10.409152606979376,7.739141146446392e-06,0.0013125245813153587,0.0006123665697259361,FOXO3/BCL2/CYLD/CASP2,4
BP,GO:0097192,extrinsic apoptotic signaling pathway in absence of ligand,3/11,71/18860,0.04225352112676056,72.44558258642766,14.570157241145191,8.255220210413528e-06,0.0013125245813153587,0.0006123665697259361,FOXO3/BCL2/CASP2,3
BP,GO:0008406,gonad development,4/11,243/18860,0.01646090534979424,28.222970445192672,10.317995038634848,8.263948433865043e-06,0.0013125245813153587,0.0006123665697259361,FOXO3/BCL2/HOXA9/CASP2,4
BP,GO:0045137,development of primary sexual characteristics,4/11,248/18860,0.016129032258064516,27.653958944281523,10.207104439925581,8.95648391980031e-06,0.0013125245813153587,0.0006123665697259361,FOXO3/BCL2/HOXA9/CASP2,4
BP,GO:0038034,signal transduction in absence of ligand,3/11,73/18860,0.0410958904109589,70.46077210460771,14.364279084703897,8.97759631542653e-06,0.0013125245813153587,0.0006123665697259361,FOXO3/BCL2/CASP2,3
BP,GO:0007548,sex differentiation,4/11,297/18860,0.013468013468013467,23.091521273339456,9.270246478290643,1.822763308799785e-05,0.0022207332978877383,0.0010360970386861937,FOXO3/BCL2/HOXA9/CASP2,4
BP,GO:0048608,reproductive structure development,4/11,318/18860,0.012578616352201259,21.566609491137793,8.93530721778799,2.3837551273403736e-05,0.002301932252271592,0.0010739809197724758,FOXO3/BCL2/HOXA9/CASP2,4
BP,GO:0061458,reproductive system development,4/11,323/18860,0.01238390092879257,21.232761047002533,8.860295458587059,2.5341920989955463e-05,0.002301932252271592,0.0010739809197724758,FOXO3/BCL2/HOXA9/CASP2,4
BP,GO:0008585,female gonad development,3/11,107/18860,0.028037383177570093,48.071367884451995,11.79573063824593,2.8341163160662554e-05,0.002301932252271592,0.0010739809197724758,FOXO3/BCL2/CASP2,3
BP,GO:0046545,development of primary female sexual characteristics,3/11,111/18860,0.02702702702702703,46.33906633906634,11.573281667361686,3.1632012948143776e-05,0.0023123001465093097,0.0010788181258103774,FOXO3/BCL2/CASP2,3
BP,GO:0046660,female sex differentiation,3/11,126/18860,0.023809523809523808,40.82251082251082,10.834532313831001,4.619646794247143e-05,0.0030699652787224193,0.0014323115419483967,FOXO3/BCL2/CASP2,3
BP,GO:0010623,programmed cell death involved in cell development,2/11,26/18860,0.07692307692307693,131.8881118881119,16.13344487248833,9.974678170663259e-05,0.006076241452295701,0.0028349085327148207,BCL2/CASP2,2
BP,GO:2000353,positive regulation of endothelial cell apoptotic process,2/11,29/18860,0.06896551724137931,118.24451410658307,15.263929589506509,0.00012448784956984379,0.007000047541196601,0.0032659160534922586,FOXO3/PDCD4,2
BP,GO:0035115,embryonic forelimb morphogenesis,2/11,33/18860,0.06060606060606061,103.91184573002755,14.29365487211745,0.00016168958797302288,0.008358310303916993,0.003899622058419045,RECK/HOXA9,2
BP,GO:0072331,signal transduction by p53 class mediator,3/11,196/18860,0.015306122448979591,26.243042671614102,8.58180989631178,0.00017151115534713392,0.008358310303916993,0.003899622058419045,FOXO3/BCL2/CASP2,3
BP,GO:0043369,"CD4-positive or CD8-positive, alpha-beta T cell lineage commitment",2/11,36/18860,0.05555555555555555,95.25252525252526,13.674133127322607,0.00019274098847525423,0.008805853910963177,0.004108426333288314,BCL2/CYLD,2
BP,GO:0046329,negative regulation of JNK cascade,2/11,38/18860,0.05263157894736842,90.23923444976076,13.302285522301203,0.00021493763112959456,0.009242318138572566,0.004312061454240783,PDCD4/CYLD,2
BP,GO:0035136,forelimb morphogenesis,2/11,40/18860,0.05,85.72727272727273,12.958505844407036,0.0002383281470997564,0.009678770862773441,0.004515691208205911,RECK/HOXA9,2
BP,GO:0002360,T cell lineage commitment,2/11,42/18860,0.047619047619047616,81.64502164502164,12.639415521299663,0.00026291023067347705,0.010115125190647986,0.004719275054748287,BCL2/CYLD,2
BP,GO:0022602,ovulation cycle process,2/11,50/18860,0.04,68.58181818181818,11.559312148525374,0.00037310822993062487,0.012899278569499475,0.006018239263471568,FOXO3/CASP2,2
BP,GO:0042149,cellular response to glucose starvation,2/11,50/18860,0.04,68.58181818181818,11.559312148525374,0.00037310822993062487,0.012899278569499475,0.006018239263471568,FOXO3/BCL2,2
BP,GO:0043368,positive T cell selection,2/11,51/18860,0.0392156862745098,67.23707664884135,11.442341550933,0.00038821358211899926,0.012899278569499475,0.006018239263471568,BCL2/CYLD,2
BP,GO:0043523,regulation of neuron apoptotic process,3/11,264/18860,0.011363636363636364,19.483471074380166,7.306127426451441,0.0004117354191272233,0.013086025712260882,0.00610536731337393,FOXO3/BCL2/CASP2,3
BP,GO:0060828,regulation of canonical Wnt signaling pathway,3/11,278/18860,0.01079136690647482,18.50228907782865,7.102030586009901,0.00047890038601760393,0.014586507590786186,0.006805426538144899,FOXO3/RECK/CYLD,3
BP,GO:0071695,anatomical structure maturation,3/11,287/18860,0.010452961672473868,17.922077922077925,6.978548886033251,0.0005255974080512729,0.01536846821141922,0.007170255166678419,FOXO3/RECK/BCL2,3
BP,GO:0001541,ovarian follicle development,2/11,62/18860,0.03225806451612903,55.30791788856305,10.347005749911624,0.000573762133053321,0.01573274161469342,0.007340209206077713,FOXO3/BCL2,2
BP,GO:0048511,rhythmic process,3/11,302/18860,0.009933774834437087,17.031908488862133,6.784762145273818,0.0006097747206735499,0.01573274161469342,0.007340209206077713,FOXO3/KDM5A/CASP2,3
BP,GO:0045058,T cell selection,2/11,64/18860,0.03125,53.57954545454545,10.178542908495157,0.0006113001247295052,0.01573274161469342,0.007340209206077713,BCL2/CYLD,2
BP,GO:0048599,oocyte development,2/11,67/18860,0.029850746268656716,51.18046132971506,9.939979980982073,0.0006697891440370781,0.01573274161469342,0.007340209206077713,FOXO3/BCL2,2
BP,GO:2000351,regulation of endothelial cell apoptotic process,2/11,67/18860,0.029850746268656716,51.18046132971506,9.939979980982073,0.0006697891440370781,0.01573274161469342,0.007340209206077713,FOXO3/PDCD4,2
BP,GO:0042698,ovulation cycle,2/11,68/18860,0.029411764705882353,50.42780748663102,9.863948964650904,0.000689866225335029,0.01573274161469342,0.007340209206077713,FOXO3/CASP2,2
BP,GO:0051402,neuron apoptotic process,3/11,318/18860,0.009433962264150943,16.174957118353344,6.592866166281478,0.0007086352242246951,0.01573274161469342,0.007340209206077713,FOXO3/BCL2/CASP2,3
BP,GO:0043525,positive regulation of neuron apoptotic process,2/11,69/18860,0.028985507246376812,49.696969696969695,9.789557274417856,0.000710233205588075,0.01573274161469342,0.007340209206077713,FOXO3/CASP2,2
BP,GO:0009994,oocyte differentiation,2/11,71/18860,0.028169014084507043,48.297055057618444,9.645460282991849,0.0007518357318898537,0.015858175657317,0.007398731244827862,FOXO3/BCL2,2
BP,GO:0030217,T cell differentiation,3/11,330/18860,0.00909090909090909,15.58677685950413,6.4578821499695485,0.0007891569567479844,0.015858175657317,0.007398731244827862,FOXO3/BCL2/CYLD,3
BP,GO:0072577,endothelial cell apoptotic process,2/11,73/18860,0.0273972602739726,46.97384806973848,9.507253724115921,0.0007945944626197181,0.015858175657317,0.007398731244827862,FOXO3/PDCD4,2
BP,GO:0060070,canonical Wnt signaling pathway,3/11,333/18860,0.009009009009009009,15.446355446355447,6.425240348033333,0.0008101632971354765,0.015858175657317,0.007398731244827862,FOXO3/RECK/CYLD,3
BP,GO:0097193,intrinsic apoptotic signaling pathway,3/11,335/18860,0.008955223880597015,15.354138398914518,6.403714186977088,0.0008243648084514994,0.015858175657317,0.007398731244827862,BCL2/CYLD/CASP2,3
BP,GO:0051251,positive regulation of lymphocyte activation,3/11,346/18860,0.008670520231213872,14.866001050972148,6.288552110784571,0.0009053294076312038,0.01696912299944641,0.007917050690216197,FOXO3/BCL2/CYLD,3
BP,GO:0030111,regulation of Wnt signaling pathway,3/11,356/18860,0.008426966292134831,14.448416751787539,6.188349931249005,0.0009832015177324315,0.01785166758951969,0.008328807400107108,FOXO3/RECK/CYLD,3
BP,GO:0030330,"DNA damage response, signal transduction by p53 class mediator",2/11,82/18860,0.024390243902439025,41.81818181818182,8.948442056961312,0.0010012563217104069,0.01785166758951969,0.008328807400107108,FOXO3/CASP2,2
BP,GO:0021700,developmental maturation,3/11,364/18860,0.008241758241758242,14.130869130869131,6.111063155624652,0.001048488454844096,0.018248691916453195,0.008514041588207696,FOXO3/RECK/BCL2,3
BP,GO:0048872,homeostasis of number of cells,3/11,369/18860,0.008130081300813009,13.93939393939394,6.063989415046696,0.0010906642366447523,0.018541292022960787,0.008650556001784571,FOXO3/BCL2/CYLD,3
BP,GO:0002696,positive regulation of leukocyte activation,3/11,381/18860,0.007874015748031496,13.500357909806729,5.954663420824088,0.0011962647887362467,0.01987430819468628,0.00927248305144842,FOXO3/BCL2/CYLD,3
BP,GO:0030336,negative regulation of cell migration,3/11,391/18860,0.0076726342710997444,13.155080213903744,5.867269443637321,0.0012890728348467421,0.02094027205051041,0.009769815169364784,FOXO3/RECK/BCL2,3
BP,GO:0050867,positive regulation of cell activation,3/11,401/18860,0.007481296758104738,12.827023350714125,5.783025020297637,0.0013863421370133547,0.021879377278959503,0.010207960599586549,FOXO3/BCL2/CYLD,3
BP,GO:2000146,negative regulation of cell motility,3/11,406/18860,0.007389162561576354,12.669055082848187,5.742023481430533,0.001436675936238107,0.021879377278959503,0.010207960599586549,FOXO3/RECK/BCL2,3
BP,GO:2001233,regulation of apoptotic signaling pathway,3/11,406/18860,0.007389162561576354,12.669055082848187,5.742023481430533,0.001436675936238107,0.021879377278959503,0.010207960599586549,BCL2/CYLD/CASP2,3
BP,GO:0040013,negative regulation of locomotion,3/11,424/18860,0.007075471698113208,12.131217838765009,5.600203081252517,0.001627444274595627,0.024278811525089865,0.011327431685692443,FOXO3/RECK/BCL2,3
BP,GO:0045089,positive regulation of innate immune response,3/11,432/18860,0.006944444444444444,11.906565656565657,5.539904846669217,0.0017171235647967325,0.024981950570793197,0.01165548561442436,CADM1/CYLD/LSM14A,3
BP,GO:1901222,regulation of non-canonical NF-kappaB signal transduction,2/11,109/18860,0.01834862385321101,31.459549624687238,7.704350375460099,0.0017594031289855404,0.024981950570793197,0.01165548561442436,PDCD4/CYLD,2
BP,GO:0030098,lymphocyte differentiation,3/11,441/18860,0.006802721088435374,11.663574520717377,5.4739470824860526,0.0018216831897134033,0.024981950570793197,0.01165548561442436,FOXO3/BCL2/CYLD,3
BP,GO:0008630,intrinsic apoptotic signaling pathway in response to DNA damage,2/11,111/18860,0.018018018018018018,30.892710892710895,7.630434212630902,0.0018237041280769859,0.024981950570793197,0.01165548561442436,BCL2/CASP2,2
BP,GO:1903706,regulation of hemopoiesis,3/11,443/18860,0.006772009029345372,11.610917299404884,5.459550209225421,0.0018454518889505236,0.024981950570793197,0.01165548561442436,FOXO3/CYLD/HOXA9,3
BP,GO:0010720,positive regulation of cell development,3/11,451/18860,0.0066518847006651885,11.40495867768595,5.402876587345492,0.0019424852965009634,0.025817395486221896,0.012045267675910281,FOXO3/BCL2/CYLD,3
BP,GO:0048477,oogenesis,2/11,118/18860,0.01694915254237288,29.06009244992296,7.386414074253758,0.002057497076765916,0.026857685055640793,0.012530621294589412,FOXO3/BCL2,2
BP,GO:0002833,positive regulation of response to biotic stimulus,3/11,465/18860,0.0064516129032258064,11.061583577712609,5.307065344820656,0.0021199283948051266,0.027187151870220132,0.01268433610188109,CADM1/CYLD/LSM14A,3
BP,GO:0045582,positive regulation of T cell differentiation,2/11,125/18860,0.016,27.432727272727274,7.162780595963069,0.0023048130378424737,0.029048591907980145,0.01355280261816627,FOXO3/CYLD,2
BP,GO:0016055,Wnt signaling pathway,3/11,487/18860,0.006160164271047228,10.56188165017734,5.164512378881418,0.002418833750574242,0.02938586334128228,0.013710158719238906,FOXO3/RECK/CYLD,3
BP,GO:0030326,embryonic limb morphogenesis,2/11,129/18860,0.015503875968992248,26.582100070472165,7.04307125659083,0.0024521719067280697,0.02938586334128228,0.013710158719238906,RECK/HOXA9,2
BP,GO:0035113,embryonic appendage morphogenesis,2/11,129/18860,0.015503875968992248,26.582100070472165,7.04307125659083,0.0024521719067280697,0.02938586334128228,0.013710158719238906,RECK/HOXA9,2
BP,GO:0033209,tumor necrosis factor-mediated signaling pathway,2/11,131/18860,0.015267175572519083,26.176266481609993,6.985237798596715,0.0025274902899791135,0.02979992583830213,0.013903342172380864,FOXO3/CYLD,2
BP,GO:0051384,response to glucocorticoid,2/11,133/18860,0.015037593984962405,25.782638414217363,6.92868426495667,0.002603898405573685,0.03018242386628738,0.014081799024662842,FOXO3/BCL2,2
BP,GO:0050864,regulation of B cell activation,2/11,134/18860,0.014925373134328358,25.59023066485753,6.900872569552873,0.0026425104342577186,0.03018242386628738,0.014081799024662842,BCL2/CYLD,2
BP,GO:0045621,positive regulation of lymphocyte differentiation,2/11,141/18860,0.014184397163120567,24.31979368149581,6.714357382413235,0.0029203848011545336,0.03284309676375329,0.015323152640875609,FOXO3/CYLD,2
BP,GO:0038061,non-canonical NF-kappaB signal transduction,2/11,146/18860,0.0136986301369863,23.48692403486924,6.589230252631864,0.003126963672269944,0.03457614352763088,0.016131716470519697,PDCD4/CYLD,2
BP,GO:0030183,B cell differentiation,2/11,147/18860,0.013605442176870748,23.327149041434755,6.5649548808774005,0.003169085658483268,0.03457614352763088,0.016131716470519697,BCL2/CYLD,2
BP,GO:0046328,regulation of JNK cascade,2/11,150/18860,0.013333333333333334,22.860606060606063,6.493553896071396,0.003297059199166517,0.03492971412450324,0.016296677048511846,PDCD4/CYLD,2
BP,GO:0090090,negative regulation of canonical Wnt signaling pathway,2/11,150/18860,0.013333333333333334,22.860606060606063,6.493553896071396,0.003297059199166517,0.03492971412450324,0.016296677048511846,FOXO3/CYLD,2
BP,GO:0008584,male gonad development,2/11,154/18860,0.012987012987012988,22.266824085005904,6.401533900492914,0.0034714315901719604,0.035136804072481265,0.016393296161687568,BCL2/HOXA9,2
BP,GO:0031960,response to corticosteroid,2/11,154/18860,0.012987012987012988,22.266824085005904,6.401533900492914,0.0034714315901719604,0.035136804072481265,0.016393296161687568,FOXO3/BCL2,2
BP,GO:2001235,positive regulation of apoptotic signaling pathway,2/11,154/18860,0.012987012987012988,22.266824085005904,6.401533900492914,0.0034714315901719604,0.035136804072481265,0.016393296161687568,CYLD/CASP2,2
BP,GO:0046546,development of primary male sexual characteristics,2/11,155/18860,0.012903225806451613,22.123167155425218,6.379072590462752,0.0035156909373415396,0.035136804072481265,0.016393296161687568,BCL2/HOXA9,2
BP,GO:0035107,appendage morphogenesis,2/11,157/18860,0.012738853503184714,21.84134337000579,6.3347782033046105,0.0036050072577785155,0.035136804072481265,0.016393296161687568,RECK/HOXA9,2
BP,GO:0035108,limb morphogenesis,2/11,157/18860,0.012738853503184714,21.84134337000579,6.3347782033046105,0.0036050072577785155,0.035136804072481265,0.016393296161687568,RECK/HOXA9,2
BP,GO:0071456,cellular response to hypoxia,2/11,159/18860,0.012578616352201259,21.566609491137793,6.291299560630782,0.0036953852982861426,0.03554377175062066,0.016583169482613715,FOXO3/BCL2,2
BP,GO:0036294,cellular response to decreased oxygen levels,2/11,167/18860,0.011976047904191617,20.533478497550355,6.125052802589068,0.004067471997940064,0.03811951321146394,0.017784897804758178,FOXO3/BCL2,2
BP,GO:2001236,regulation of extrinsic apoptotic signaling pathway,2/11,167/18860,0.011976047904191617,20.533478497550355,6.125052802589068,0.004067471997940064,0.03811951321146394,0.017784897804758178,BCL2/CYLD,2
BP,GO:0051147,regulation of muscle cell differentiation,2/11,169/18860,0.011834319526627219,20.29047875201721,6.085294561484227,0.004163126665777307,0.03852209610991407,0.017972725379238476,PDCD4/BCL2,2
BP,GO:0007292,female gamete generation,2/11,176/18860,0.011363636363636364,19.483471074380166,5.9513631615801215,0.004506164590091572,0.041175078941961735,0.019210491147232493,FOXO3/BCL2,2
BP,GO:0046661,male sex differentiation,2/11,178/18860,0.011235955056179775,19.26455566905005,5.914512367767831,0.0046065228682855746,0.041572447119959936,0.019395885761202422,BCL2/HOXA9,2
BP,GO:0043409,negative regulation of MAPK cascade,2/11,183/18860,0.01092896174863388,18.738201689021363,5.824961909112301,0.004861961499752958,0.0428204079074628,0.019978129688268342,PDCD4/CYLD,2
BP,GO:0071453,cellular response to oxygen levels,2/11,183/18860,0.01092896174863388,18.738201689021363,5.824961909112301,0.004861961499752958,0.0428204079074628,0.019978129688268342,FOXO3/BCL2,2
BP,GO:0030178,negative regulation of Wnt signaling pathway,2/11,185/18860,0.010810810810810811,18.535626535626538,5.790130633149576,0.004965948603383877,0.042963235429721,0.020044766763956515,FOXO3/CYLD,2
BP,GO:0007254,JNK cascade,2/11,188/18860,0.010638297872340425,18.239845261121857,5.738896393435097,0.00512386375098228,0.042963235429721,0.020044766763956515,PDCD4/CYLD,2
BP,GO:0051090,regulation of DNA-binding transcription factor activity,2/11,189/18860,0.010582010582010581,18.14333814333814,5.7220812428692405,0.005177016949969119,0.042963235429721,0.020044766763956515,KDM5A/CYLD,2
BP,GO:0045580,regulation of T cell differentiation,2/11,194/18860,0.010309278350515464,17.67572633552015,5.639901370142888,0.005446632298146468,0.042963235429721,0.020044766763956515,FOXO3/CYLD,2
BP,GO:2001242,regulation of intrinsic apoptotic signaling pathway,2/11,195/18860,0.010256410256410256,17.585081585081586,5.623833266702836,0.005501323410508798,0.042963235429721,0.020044766763956515,BCL2/CYLD,2
BP,GO:0009267,cellular response to starvation,2/11,196/18860,0.01020408163265306,17.495361781076067,5.607884153175661,0.005556269928603247,0.042963235429721,0.020044766763956515,FOXO3/BCL2,2
BP,GO:0048736,appendage development,2/11,196/18860,0.01020408163265306,17.495361781076067,5.607884153175661,0.005556269928603247,0.042963235429721,0.020044766763956515,RECK/HOXA9,2
BP,GO:0060173,limb development,2/11,196/18860,0.01020408163265306,17.495361781076067,5.607884153175661,0.005556269928603247,0.042963235429721,0.020044766763956515,RECK/HOXA9,2
BP,GO:0007565,female pregnancy,2/11,197/18860,0.01015228426395939,17.40655283802492,5.592052527501786,0.0056114715919810395,0.042963235429721,0.020044766763956515,RECK/BCL2,2
BP,GO:0001959,regulation of cytokine-mediated signaling pathway,2/11,198/18860,0.010101010101010102,17.318640955004593,5.576336914130176,0.0056669281403638715,0.042963235429721,0.020044766763956515,CYLD/LSM14A,2
BP,GO:0045664,regulation of neuron differentiation,2/11,199/18860,0.010050251256281407,17.23161260849703,5.5607358634191035,0.005722639313643878,0.042963235429721,0.020044766763956515,FOXO3/BCL2,2
BP,GO:1902107,positive regulation of leukocyte differentiation,2/11,199/18860,0.010050251256281407,17.23161260849703,5.5607358634191035,0.005722639313643878,0.042963235429721,0.020044766763956515,FOXO3/CYLD,2
BP,GO:1903708,positive regulation of hemopoiesis,2/11,199/18860,0.010050251256281407,17.23161260849703,5.5607358634191035,0.005722639313643878,0.042963235429721,0.020044766763956515,FOXO3/CYLD,2
BP,GO:0042770,signal transduction in response to DNA damage,2/11,200/18860,0.01,17.145454545454545,5.545247951053393,0.005778604851883498,0.042963235429721,0.020044766763956515,FOXO3/CASP2,2
BP,GO:0001542,ovulation from ovarian follicle,1/11,10/18860,0.1,171.45454545454547,13.024600922008936,0.005818550352315155,0.042963235429721,0.020044766763956515,FOXO3,1
BP,GO:1904760,regulation of myofibroblast differentiation,1/11,10/18860,0.1,171.45454545454547,13.024600922008936,0.005818550352315155,0.042963235429721,0.020044766763956515,PDCD4,1
BP,GO:0000302,response to reactive oxygen species,2/11,205/18860,0.00975609756097561,16.727272727272727,5.4694573160961975,0.006062238931572751,0.04330978231348569,0.020206450384576805,FOXO3/BCL2,2
BP,GO:0060759,regulation of response to cytokine stimulus,2/11,210/18860,0.009523809523809525,16.32900432900433,5.396295105527417,0.0063521932424023455,0.04330978231348569,0.020206450384576805,CYLD/LSM14A,2
BP,GO:0010716,negative regulation of extracellular matrix disassembly,1/11,11/18860,0.09090909090909091,155.86776859504133,12.411513438983532,0.006398709288449322,0.04330978231348569,0.020206450384576805,RECK,1
BP,GO:0014889,muscle atrophy,1/11,11/18860,0.09090909090909091,155.86776859504133,12.411513438983532,0.006398709288449322,0.04330978231348569,0.020206450384576805,FOXO3,1
BP,GO:0021548,pons development,1/11,11/18860,0.09090909090909091,155.86776859504133,12.411513438983532,0.006398709288449322,0.04330978231348569,0.020206450384576805,BCL2,1
BP,GO:0042118,endothelial cell activation,1/11,11/18860,0.09090909090909091,155.86776859504133,12.411513438983532,0.006398709288449322,0.04330978231348569,0.020206450384576805,HOXA9,1
BP,GO:0048742,regulation of skeletal muscle fiber development,1/11,11/18860,0.09090909090909091,155.86776859504133,12.411513438983532,0.006398709288449322,0.04330978231348569,0.020206450384576805,BCL2,1
BP,GO:1905461,positive regulation of vascular associated smooth muscle cell apoptotic process,1/11,11/18860,0.09090909090909091,155.86776859504133,12.411513438983532,0.006398709288449322,0.04330978231348569,0.020206450384576805,PDCD4,1
BP,GO:2000672,negative regulation of motor neuron apoptotic process,1/11,11/18860,0.09090909090909091,155.86776859504133,12.411513438983532,0.006398709288449322,0.04330978231348569,0.020206450384576805,BCL2,1
BP,GO:0050851,antigen receptor-mediated signaling pathway,2/11,215/18860,0.009302325581395349,15.949260042283298,5.325608636453498,0.0066484354832728925,0.0445872141125916,0.020802444196817163,BCL2/CYLD,2
BP,GO:0044703,multi-organism reproductive process,2/11,217/18860,0.009216589861751152,15.802262253875158,5.29799540331394,0.0067686857847381226,0.04496407236765557,0.020978269777695163,RECK/BCL2,2
BP,GO:0002753,cytoplasmic pattern recognition receptor signaling pathway,2/11,219/18860,0.0091324200913242,15.657949356579492,5.270747199498997,0.006889934946814202,0.04496407236765557,0.020978269777695163,CYLD/LSM14A,2
BP,GO:0001547,antral ovarian follicle growth,1/11,12/18860,0.08333333333333333,142.87878787878788,11.876458938729572,0.006978560431630587,0.04496407236765557,0.020978269777695163,FOXO3,1
BP,GO:0071389,cellular response to mineralocorticoid stimulus,1/11,12/18860,0.08333333333333333,142.87878787878788,11.876458938729572,0.006978560431630587,0.04496407236765557,0.020978269777695163,FOXO3,1
BP,GO:0048469,cell maturation,2/11,221/18860,0.00904977375565611,15.516248457424929,5.243855807314794,0.00701218091643329,0.04496407236765557,0.020978269777695163,FOXO3/BCL2,2
BP,GO:0071356,cellular response to tumor necrosis factor,2/11,226/18860,0.008849557522123894,15.17296862429606,5.178136746768199,0.007322143424547266,0.045660941917158235,0.021303398633680276,FOXO3/CYLD,2
BP,GO:0044706,multi-multicellular organism process,2/11,227/18860,0.00881057268722467,15.10612735282339,5.165244127912649,0.007384879180299605,0.045660941917158235,0.021303398633680276,RECK/BCL2,2
BP,GO:0045619,regulation of lymphocyte differentiation,2/11,227/18860,0.00881057268722467,15.10612735282339,5.165244127912649,0.007384879180299605,0.045660941917158235,0.021303398633680276,FOXO3/CYLD,2
BP,GO:0045637,regulation of myeloid cell differentiation,2/11,227/18860,0.00881057268722467,15.10612735282339,5.165244127912649,0.007384879180299605,0.045660941917158235,0.021303398633680276,FOXO3/HOXA9,2
BP,GO:0097048,dendritic cell apoptotic process,1/11,13/18860,0.07692307692307693,131.8881118881119,11.404133151724341,0.0075581039288319385,0.045660941917158235,0.021303398633680276,BCL2,1
BP,GO:1905064,negative regulation of vascular associated smooth muscle cell differentiation,1/11,13/18860,0.07692307692307693,131.8881118881119,11.404133151724341,0.0075581039288319385,0.045660941917158235,0.021303398633680276,PDCD4,1
BP,GO:2000668,regulation of dendritic cell apoptotic process,1/11,13/18860,0.07692307692307693,131.8881118881119,11.404133151724341,0.0075581039288319385,0.045660941917158235,0.021303398633680276,BCL2,1
BP,GO:1901654,response to ketone,2/11,232/18860,0.008620689655172414,14.780564263322884,5.101987545629675,0.007702260193517957,0.046150427880833005,0.021531771377910423,FOXO3/HOXA9,2
BP,GO:0042594,response to starvation,2/11,235/18860,0.00851063829787234,14.591876208897485,5.064968123781934,0.00789564142282451,0.04692450309011965,0.021892921018358078,FOXO3/BCL2,2
BP,GO:0072593,reactive oxygen species metabolic process,2/11,237/18860,0.008438818565400843,14.46873801304181,5.040664267684599,0.008025788265337928,0.04720948798896836,0.02202588250907301,FOXO3/BCL2,2
BP,GO:0014744,positive regulation of muscle adaptation,1/11,14/18860,0.07142857142857142,122.46753246753246,10.983130636080032,0.008137339926963083,0.04720948798896836,0.02202588250907301,FOXO3,1
BP,GO:0033689,negative regulation of osteoblast proliferation,1/11,14/18860,0.07142857142857142,122.46753246753246,10.983130636080032,0.008137339926963083,0.04720948798896836,0.02202588250907301,BCL2,1
BP,GO:0034612,response to tumor necrosis factor,2/11,244/18860,0.00819672131147541,14.053651266766023,4.9578713110972075,0.008488994224761503,0.048269638839165435,0.022520502532780765,FOXO3/CYLD,2
BP,GO:0002903,negative regulation of B cell apoptotic process,1/11,15/18860,0.06666666666666667,114.3030303030303,10.604754023210992,0.008716268572872554,0.048269638839165435,0.022520502532780765,BCL2,1
BP,GO:0036446,myofibroblast differentiation,1/11,15/18860,0.06666666666666667,114.3030303030303,10.604754023210992,0.008716268572872554,0.048269638839165435,0.022520502532780765,PDCD4,1
BP,GO:0043374,"CD8-positive, alpha-beta T cell differentiation",1/11,15/18860,0.06666666666666667,114.3030303030303,10.604754023210992,0.008716268572872554,0.048269638839165435,0.022520502532780765,BCL2,1
BP,GO:0048070,regulation of developmental pigmentation,1/11,15/18860,0.06666666666666667,114.3030303030303,10.604754023210992,0.008716268572872554,0.048269638839165435,0.022520502532780765,BCL2,1
BP,GO:2000671,regulation of motor neuron apoptotic process,1/11,15/18860,0.06666666666666667,114.3030303030303,10.604754023210992,0.008716268572872554,0.048269638839165435,0.022520502532780765,BCL2,1
BP,GO:0035655,interleukin-18-mediated signaling pathway,1/11,16/18860,0.0625,107.1590909090909,10.2622395937525,0.009294890013344714,0.04923597536054338,0.022971352893391975,CYLD,1
BP,GO:0051412,response to corticosterone,1/11,16/18860,0.0625,107.1590909090909,10.2622395937525,0.009294890013344714,0.04923597536054338,0.022971352893391975,FOXO3,1
BP,GO:0051481,negative regulation of cytosolic calcium ion concentration,1/11,16/18860,0.0625,107.1590909090909,10.2622395937525,0.009294890013344714,0.04923597536054338,0.022971352893391975,BCL2,1
BP,GO:0071351,cellular response to interleukin-18,1/11,16/18860,0.0625,107.1590909090909,10.2622395937525,0.009294890013344714,0.04923597536054338,0.022971352893391975,CYLD,1
BP,GO:0140718,facultative heterochromatin formation,1/11,16/18860,0.0625,107.1590909090909,10.2622395937525,0.009294890013344714,0.04923597536054338,0.022971352893391975,KDM5A,1
BP,GO:1902166,negative regulation of intrinsic apoptotic signaling pathway in response to DNA damage by p53 class mediator,1/11,16/18860,0.0625,107.1590909090909,10.2622395937525,0.009294890013344714,0.04923597536054338,0.022971352893391975,BCL2,1
CC,GO:0097136,Bcl-2 family protein complex,1/11,10/19944,0.1,181.3090909090909,13.39755814681048,0.005503012992099876,0.042887310896432475,0.02802074759113556,BCL2,1
CC,GO:0005741,mitochondrial outer membrane,2/11,232/19944,0.008620689655172414,15.630094043887146,5.26539575364882,0.00691518101742876,0.042887310896432475,0.02802074759113556,FOXO3/BCL2,2
CC,GO:1990909,Wnt signalosome,1/11,13/19944,0.07692307692307693,139.46853146853147,11.731768152705992,0.007148540166448614,0.042887310896432475,0.02802074759113556,RECK,1
CC,GO:0090571,RNA polymerase II transcription repressor complex,1/11,15/19944,0.06666666666666667,120.87272727272726,10.91009459267056,0.008244182746037887,0.042887310896432475,0.02802074759113556,FOXO3,1
CC,GO:0031968,organelle outer membrane,2/11,262/19944,0.007633587786259542,13.840388619014572,4.914727620452321,0.008744309291672319,0.042887310896432475,0.02802074759113556,FOXO3/BCL2,2
CC,GO:0019867,outer membrane,2/11,264/19944,0.007575757575757576,13.735537190082646,4.8934137573444945,0.008873236737192926,0.042887310896432475,0.02802074759113556,FOXO3/BCL2,2
