Gene,miRNA,Direction
FOXO3,hsa-miR-182-5p,Downregulated_in_Recurrence
PDCD4,hsa-miR-590-5p,Downregulated_in_Recurrence
RECK,hsa-miR-182-5p,Downregulated_in_Recurrence
BCL2,hsa-miR-182-5p,Downregulated_in_Recurrence
PPM1L,hsa-miR-182-5p,Downregulated_in_Recurrence
KDM5A,hsa-miR-182-5p,Downregulated_in_Recurrence
CADM1,hsa-miR-182-5p,Downregulated_in_Recurrence
CYLD,hsa-miR-182-5p,Downregulated_in_Recurrence
HOXA9,hsa-miR-182-5p,Downregulated_in_Recurrence
CASP2,hsa-miR-182-5p,Downregulated_in_Recurrence
LSM14A,hsa-miR-182-5p,Downregulated_in_Recurrence
