GSM,Title,Source,Characteristics,Characteristics_clean,Prognosis
GSM1064460,C01-0512-T0787,TNBC patient with residual disease,disease state: Triple-negative breast cancer (TNBC) | tissue: breast | prognosis: no recurrence | age (years): 49 | menopausal status: POST,disease state: triple-negative breast cancer (tnbc) | tissue: breast | prognosis: no recurrence | age (years): 49 | menopausal status: post,No_recurrence
GSM1064461,C01-0527-T01087,TNBC patient with residual disease,disease state: Triple-negative breast cancer (TNBC) | tissue: breast | prognosis: no recurrence | age (years): 59 | menopausal status: POST,disease state: triple-negative breast cancer (tnbc) | tissue: breast | prognosis: no recurrence | age (years): 59 | menopausal status: post,No_recurrence
GSM1064462,C01-0530-T01146,TNBC patient with residual disease,disease state: Triple-negative breast cancer (TNBC) | tissue: breast | prognosis: no recurrence | age (years): 37 | menopausal status: PRE,disease state: triple-negative breast cancer (tnbc) | tissue: breast | prognosis: no recurrence | age (years): 37 | menopausal status: pre,No_recurrence
GSM1064463,C01-0534-T01233,TNBC patient with residual disease,disease state: Triple-negative breast cancer (TNBC) | tissue: breast | prognosis: no recurrence | age (years): 62 | menopausal status: POST,disease state: triple-negative breast cancer (tnbc) | tissue: breast | prognosis: no recurrence | age (years): 62 | menopausal status: post,No_recurrence
GSM1064464,C01-0590-T01554,TNBC patient with residual disease,disease state: Triple-negative breast cancer (TNBC) | tissue: breast | prognosis: recurrence | age (years): 57 | menopausal status: POST,disease state: triple-negative breast cancer (tnbc) | tissue: breast | prognosis: recurrence | age (years): 57 | menopausal status: post,Recurrence
GSM1064465,C01-0617-T02021,TNBC patient with residual disease,disease state: Triple-negative breast cancer (TNBC) | tissue: breast | prognosis: recurrence | age (years): 45 | menopausal status: PERI,disease state: triple-negative breast cancer (tnbc) | tissue: breast | prognosis: recurrence | age (years): 45 | menopausal status: peri,Recurrence
GSM1064466,C01-0629-T02148,TNBC patient with residual disease,disease state: Triple-negative breast cancer (TNBC) | tissue: breast | prognosis: recurrence | age (years): 33 | menopausal status: PRE,disease state: triple-negative breast cancer (tnbc) | tissue: breast | prognosis: recurrence | age (years): 33 | menopausal status: pre,Recurrence
GSM1064467,C01-0639-T02292,TNBC patient with residual disease,disease state: Triple-negative breast cancer (TNBC) | tissue: breast | prognosis: no recurrence | age (years): 32 | menopausal status: PRE,disease state: triple-negative breast cancer (tnbc) | tissue: breast | prognosis: no recurrence | age (years): 32 | menopausal status: pre,No_recurrence
GSM1064468,C01-0646-T02371,TNBC patient with residual disease,disease state: Triple-negative breast cancer (TNBC) | tissue: breast | prognosis: no recurrence | age (years): 55 | menopausal status: POST,disease state: triple-negative breast cancer (tnbc) | tissue: breast | prognosis: no recurrence | age (years): 55 | menopausal status: post,No_recurrence
GSM1064469,C01-0653-T02726,TNBC patient with residual disease,disease state: Triple-negative breast cancer (TNBC) | tissue: breast | prognosis: recurrence | age (years): 52 | menopausal status: POST,disease state: triple-negative breast cancer (tnbc) | tissue: breast | prognosis: recurrence | age (years): 52 | menopausal status: post,Recurrence
GSM1064470,C01-1219,TNBC patient with residual disease,disease state: Triple-negative breast cancer (TNBC) | tissue: breast | prognosis: no recurrence | age (years): 58 | menopausal status: POST,disease state: triple-negative breast cancer (tnbc) | tissue: breast | prognosis: no recurrence | age (years): 58 | menopausal status: post,No_recurrence
GSM1064471,C01-1259,TNBC patient with residual disease,disease state: Triple-negative breast cancer (TNBC) | tissue: breast | prognosis: recurrence | age (years): 46 | menopausal status: PERI,disease state: triple-negative breast cancer (tnbc) | tissue: breast | prognosis: recurrence | age (years): 46 | menopausal status: peri,Recurrence
GSM1064472,C01-2273,TNBC patient with residual disease,disease state: Triple-negative breast cancer (TNBC) | tissue: breast | prognosis: recurrence | age (years): 55 | menopausal status: POST,disease state: triple-negative breast cancer (tnbc) | tissue: breast | prognosis: recurrence | age (years): 55 | menopausal status: post,Recurrence
GSM1064473,C01-2378,TNBC patient with residual disease,disease state: Triple-negative breast cancer (TNBC) | tissue: breast | prognosis: no recurrence | age (years): 27 | menopausal status: PRE,disease state: triple-negative breast cancer (tnbc) | tissue: breast | prognosis: no recurrence | age (years): 27 | menopausal status: pre,No_recurrence
GSM1064474,C01-2392,TNBC patient with residual disease,disease state: Triple-negative breast cancer (TNBC) | tissue: breast | prognosis: recurrence | age (years): 50 | menopausal status: POST,disease state: triple-negative breast cancer (tnbc) | tissue: breast | prognosis: recurrence | age (years): 50 | menopausal status: post,Recurrence
GSM1064475,C01-2726,TNBC patient with residual disease,disease state: Triple-negative breast cancer (TNBC) | tissue: breast | prognosis: recurrence | age (years): 52 | menopausal status: POST,disease state: triple-negative breast cancer (tnbc) | tissue: breast | prognosis: recurrence | age (years): 52 | menopausal status: post,Recurrence
GSM1064476,C01-2780,TNBC patient with residual disease,disease state: Triple-negative breast cancer (TNBC) | tissue: breast | prognosis: recurrence | age (years): 52 | menopausal status: POST,disease state: triple-negative breast cancer (tnbc) | tissue: breast | prognosis: recurrence | age (years): 52 | menopausal status: post,Recurrence
GSM1064477,C01-3726,TNBC patient with residual disease,disease state: Triple-negative breast cancer (TNBC) | tissue: breast | prognosis: recurrence | age (years): 34 | menopausal status: PRE,disease state: triple-negative breast cancer (tnbc) | tissue: breast | prognosis: recurrence | age (years): 34 | menopausal status: pre,Recurrence
GSM1064478,C01-382,TNBC patient with residual disease,disease state: Triple-negative breast cancer (TNBC) | tissue: breast | prognosis: recurrence | age (years): 36 | menopausal status: PRE,disease state: triple-negative breast cancer (tnbc) | tissue: breast | prognosis: recurrence | age (years): 36 | menopausal status: pre,Recurrence
GSM1064479,C01-3906,TNBC patient with residual disease,disease state: Triple-negative breast cancer (TNBC) | tissue: breast | prognosis: recurrence | age (years): 73 | menopausal status: POST,disease state: triple-negative breast cancer (tnbc) | tissue: breast | prognosis: recurrence | age (years): 73 | menopausal status: post,Recurrence
GSM1064480,C01-465,TNBC patient with residual disease,disease state: Triple-negative breast cancer (TNBC) | tissue: breast | prognosis: recurrence | age (years): 57 | menopausal status: POST,disease state: triple-negative breast cancer (tnbc) | tissue: breast | prognosis: recurrence | age (years): 57 | menopausal status: post,Recurrence
GSM1064481,C01-665,TNBC patient with residual disease,disease state: Triple-negative breast cancer (TNBC) | tissue: breast | prognosis: no recurrence | age (years): 42 | menopausal status: PRE,disease state: triple-negative breast cancer (tnbc) | tissue: breast | prognosis: no recurrence | age (years): 42 | menopausal status: pre,No_recurrence
GSM1064482,C01-824,TNBC patient with residual disease,disease state: Triple-negative breast cancer (TNBC) | tissue: breast | prognosis: recurrence | age (years): 51 | menopausal status: PRE,disease state: triple-negative breast cancer (tnbc) | tissue: breast | prognosis: recurrence | age (years): 51 | menopausal status: pre,Recurrence
GSM1064483,C01-854,TNBC patient with residual disease,disease state: Triple-negative breast cancer (TNBC) | tissue: breast | prognosis: recurrence | age (years): 46 | menopausal status: PRE,disease state: triple-negative breast cancer (tnbc) | tissue: breast | prognosis: recurrence | age (years): 46 | menopausal status: pre,Recurrence
GSM1064484,C01-958,TNBC patient with residual disease,disease state: Triple-negative breast cancer (TNBC) | tissue: breast | prognosis: recurrence | age (years): 42 | menopausal status: PRE,disease state: triple-negative breast cancer (tnbc) | tissue: breast | prognosis: recurrence | age (years): 42 | menopausal status: pre,Recurrence
