GSM,Group
GSM1064460,No_recurrence
GSM1064461,No_recurrence
GSM1064462,No_recurrence
GSM1064463,No_recurrence
GSM1064464,Recurrence
GSM1064465,Recurrence
GSM1064466,Recurrence
GSM1064467,No_recurrence
GSM1064468,No_recurrence
GSM1064469,Recurrence
GSM1064470,No_recurrence
GSM1064471,Recurrence
GSM1064472,Recurrence
GSM1064473,No_recurrence
GSM1064474,Recurrence
GSM1064475,Recurrence
GSM1064476,Recurrence
GSM1064477,Recurrence
GSM1064478,Recurrence
GSM1064479,Recurrence
GSM1064480,Recurrence
GSM1064481,No_recurrence
GSM1064482,Recurrence
GSM1064483,Recurrence
GSM1064484,Recurrence
