category,subcategory,ID,Description,GeneRatio,BgRatio,RichFactor,FoldEnrichment,zScore,pvalue,p.adjust,qvalue,geneID,Count
Human Diseases,Drug resistance: antineoplastic,hsa01521,EGFR tyrosine kinase inhibitor resistance,2/8,80/9399,0.025,29.371875000000003,7.437982786912635,0.0019378531794187314,0.06137778972266452,0.053145454598572,2309/596,2
Human Diseases,Cancer: overview,hsa05206,MicroRNAs in cancer,3/8,323/9399,0.009287925696594427,10.912151702786378,5.290890229716652,0.0019799287007311135,0.06137778972266452,0.053145454598572,27250/8434/596,3
Environmental Information Processing,Signal transduction,hsa04064,NF-kappa B signaling pathway,2/8,105/9399,0.01904761904761905,22.37857142857143,6.429523532272364,0.003312782888368965,0.06671888157617706,0.05777016910670679,596/1540,2
Organismal Systems,Nervous system,hsa04722,Neurotrophin signaling pathway,2/8,120/9399,0.016666666666666666,19.58125,5.978906416521136,0.004304443972656584,0.06671888157617706,0.05777016910670679,2309/596,2
Cellular Processes,Cell growth and death,hsa04210,Apoptosis,2/8,137/9399,0.014598540145985401,17.151459854014597,5.558101469793202,0.005575639826419928,0.06913793384760711,0.05986476445208765,596/835,2
Cellular Processes,Cell growth and death,hsa04217,Necroptosis,2/8,168/9399,0.011904761904761904,13.986607142857142,4.957158004797684,0.008285273441473088,0.08561449222855524,0.07413139395002238,596/1540,2
Human Diseases,Infectious disease: bacterial,hsa05131,Shigellosis,2/8,253/9399,0.007905138339920948,9.287549407114623,3.9001165552897397,0.018155258249677977,0.16080371592571924,0.13923581514790628,2309/596,2
Cellular Processes,Cell growth and death,hsa04215,Apoptosis - multiple species,1/8,32/9399,0.03125,36.71484375,5.9065009352513265,0.026924489411250363,0.18546003026777552,0.16058508563084128,596,1
Environmental Information Processing,Signal transduction,hsa04151,PI3K-Akt signaling pathway,2/8,362/9399,0.0055248618784530384,6.491022099447513,3.1095828276882904,0.03551325759945453,0.18546003026777552,0.16058508563084128,2309/596,2
Environmental Information Processing,Signal transduction,hsa04340,Hedgehog signaling pathway,1/8,56/9399,0.017857142857142856,20.97991071428571,4.37674430963844,0.04669946845651318,0.18546003026777552,0.16058508563084128,596,1
Human Diseases,Cancer: specific types,hsa05213,Endometrial cancer,1/8,59/9399,0.01694915254237288,19.91313559322034,4.253269457064474,0.04914644190583606,0.18546003026777552,0.16058508563084128,2309,1
Organismal Systems,Aging,hsa04213,Longevity regulating pathway - multiple species,1/8,62/9399,0.016129032258064516,18.949596774193548,4.138601928599335,0.05158791771728155,0.18546003026777552,0.16058508563084128,2309,1
Organismal Systems,Endocrine system,hsa04917,Prolactin signaling pathway,1/8,71/9399,0.014084507042253521,16.547535211267608,3.837984781042417,0.058879465144147325,0.18546003026777552,0.16058508563084128,2309,1
Organismal Systems,Immune system,hsa04622,RIG-I-like receptor signaling pathway,1/8,72/9399,0.013888888888888888,16.317708333333332,3.8079904381646825,0.059686601108860815,0.18546003026777552,0.16058508563084128,1540,1
Human Diseases,Cancer: specific types,hsa05223,Non-small cell lung cancer,1/8,73/9399,0.0136986301369863,16.09417808219178,3.7785918854868155,0.06049313131054734,0.18546003026777552,0.16058508563084128,2309,1
Human Diseases,Drug resistance: antineoplastic,hsa01524,Platinum drug resistance,1/8,75/9399,0.013333333333333334,15.665000000000001,3.7215028862882575,0.06210437598353136,0.18546003026777552,0.16058508563084128,596,1
Cellular Processes,Cell growth and death,hsa04115,p53 signaling pathway,1/8,75/9399,0.013333333333333334,15.665000000000001,3.7215028862882575,0.06210437598353136,0.18546003026777552,0.16058508563084128,596,1
Human Diseases,Cancer: specific types,hsa05210,Colorectal cancer,1/8,87/9399,0.011494252873563218,13.504310344827585,3.419831278432064,0.07172116688255858,0.18546003026777552,0.16058508563084128,596,1
Organismal Systems,Aging,hsa04211,Longevity regulating pathway,1/8,90/9399,0.011111111111111112,13.054166666666667,3.3536190277280773,0.07411183983098135,0.18546003026777552,0.16058508563084128,2309,1
Human Diseases,Cancer: specific types,hsa05222,Small cell lung cancer,1/8,93/9399,0.010752688172043012,12.633064516129034,3.290492311777133,0.07649712375932383,0.18546003026777552,0.16058508563084128,596,1
Human Diseases,Drug resistance: antineoplastic,hsa01522,Endocrine resistance,1/8,99/9399,0.010101010101010102,11.867424242424244,3.1725577622151135,0.08125156620217877,0.18546003026777552,0.16058508563084128,596,1
Human Diseases,Endocrine and metabolic disease,hsa04933,AGE-RAGE signaling pathway in diabetic complications,1/8,101/9399,0.009900990099009901,11.632425742574258,3.1354874570229163,0.08283161373951198,0.18546003026777552,0.16058508563084128,596,1
Cellular Processes,Transport and catabolism,hsa04137,Mitophagy - animal,1/8,105/9399,0.009523809523809525,11.189285714285715,3.0643886798484883,0.08598457733625797,0.18546003026777552,0.16058508563084128,2309,1
Organismal Systems,Immune system,hsa04625,C-type lectin receptor signaling pathway,1/8,105/9399,0.009523809523809525,11.189285714285715,3.0643886798484883,0.08598457733625797,0.18546003026777552,0.16058508563084128,1540,1
Human Diseases,Cancer: specific types,hsa05215,Prostate cancer,1/8,106/9399,0.009433962264150943,11.08372641509434,3.0472129955073313,0.08677133474763199,0.18546003026777552,0.16058508563084128,596,1
Environmental Information Processing,Signal transduction,hsa04066,HIF-1 signaling pathway,1/8,110/9399,0.00909090909090909,10.680681818181817,2.9807434672104245,0.08991244192817638,0.18546003026777552,0.16058508563084128,596,1
Human Diseases,Infectious disease: parasitic,hsa05145,Toxoplasmosis,1/8,112/9399,0.008928571428571428,10.489955357142856,2.9487791800887186,0.09147944739182157,0.18546003026777552,0.16058508563084128,596,1
Organismal Systems,Nervous system,hsa04725,Cholinergic synapse,1/8,115/9399,0.008695652173913044,10.216304347826087,2.902317735759932,0.09382552901941366,0.18546003026777552,0.16058508563084128,596,1
Organismal Systems,Endocrine system,hsa04928,"Parathyroid hormone synthesis, secretion and action",1/8,115/9399,0.008695652173913044,10.216304347826087,2.902317735759932,0.09382552901941366,0.18546003026777552,0.16058508563084128,596,1
Environmental Information Processing,Signal transduction,hsa04668,TNF signaling pathway,1/8,119/9399,0.008403361344537815,9.872899159663865,2.8429670873535184,0.09694539093688948,0.18546003026777552,0.16058508563084128,1540,1
Environmental Information Processing,Signal transduction,hsa04152,AMPK signaling pathway,1/8,122/9399,0.00819672131147541,9.630122950819672,2.800270038104967,0.0992791155034567,0.18546003026777552,0.16058508563084128,2309,1
Environmental Information Processing,Signal transduction,hsa04071,Sphingolipid signaling pathway,1/8,125/9399,0.008,9.399000000000001,2.7590262695373813,0.10160756128982029,0.18546003026777552,0.16058508563084128,596,1
Environmental Information Processing,Signal transduction,hsa04068,FoxO signaling pathway,1/8,133/9399,0.007518796992481203,8.833646616541353,2.655525293212409,0.10779102048978262,0.18546003026777552,0.16058508563084128,2309,1
Human Diseases,Infectious disease: viral,hsa05162,Measles,1/8,136/9399,0.007352941176470588,8.638786764705882,2.6189355003806325,0.11010019821390482,0.18546003026777552,0.16058508563084128,596,1
Organismal Systems,Endocrine system,hsa04915,Estrogen signaling pathway,1/8,139/9399,0.007194244604316547,8.452338129496404,2.5834570866326927,0.1124041447932731,0.18546003026777552,0.16058508563084128,596,1
Organismal Systems,Development and regeneration,hsa04380,Osteoclast differentiation,1/8,142/9399,0.007042253521126761,8.273767605633804,2.5490318106023495,0.11470287038873495,0.18546003026777552,0.16058508563084128,1540,1
Human Diseases,Cardiovascular disease,hsa05418,Fluid shear stress and atherosclerosis,1/8,142/9399,0.007042253521126761,8.273767605633804,2.5490318106023495,0.11470287038873495,0.18546003026777552,0.16058508563084128,596,1
Human Diseases,Endocrine and metabolic disease,hsa04936,Alcoholic liver disease,1/8,144/9399,0.006944444444444444,8.158854166666666,2.5266398617673924,0.11623245858268239,0.18546003026777552,0.16058508563084128,2309,1
Human Diseases,Cancer: specific types,hsa05226,Gastric cancer,1/8,150/9399,0.006666666666666667,7.8325000000000005,2.4619808681131534,0.12080735759520045,0.18546003026777552,0.16058508563084128,596,1
Organismal Systems,Circulatory system,hsa04261,Adrenergic signaling in cardiomyocytes,1/8,154/9399,0.006493506493506494,7.629058441558442,2.4208369750442764,0.12384576557308702,0.18546003026777552,0.16058508563084128,596,1
Cellular Processes,Cell growth and death,hsa04218,Cellular senescence,1/8,157/9399,0.006369426751592357,7.48328025477707,2.390938652965316,0.12611853808664752,0.18546003026777552,0.16058508563084128,2309,1
Environmental Information Processing,Signaling molecules and interaction,hsa04514,Cell adhesion molecule (CAM) interaction,1/8,160/9399,0.00625,7.342968750000001,2.3618204197724206,0.12838615023663613,0.18546003026777552,0.16058508563084128,23705,1
Human Diseases,Infectious disease: viral,hsa05161,Hepatitis B,1/8,163/9399,0.006134969325153374,7.20782208588957,2.3334467539937997,0.13064861206918243,0.18546003026777552,0.16058508563084128,596,1
Environmental Information Processing,Signal transduction,hsa04630,JAK-STAT signaling pathway,1/8,168/9399,0.005952380952380952,6.993303571428571,2.287722454947023,0.13440796387435172,0.18546003026777552,0.16058508563084128,596,1
Cellular Processes,Transport and catabolism,hsa04140,Autophagy - animal,1/8,169/9399,0.005917159763313609,6.951923076923077,2.278802068926193,0.1351581248849688,0.18546003026777552,0.16058508563084128,596,1
Genetic Information Processing,"Folding, sorting and degradation",hsa04141,Protein processing in endoplasmic reticulum,1/8,175/9399,0.005714285714285714,6.713571428571429,2.226762156244279,0.13964715657735505,0.18546003026777552,0.16058508563084128,596,1
Human Diseases,Infectious disease: viral,hsa05168,Herpes simplex virus 1 infection,1/8,180/9399,0.005555555555555556,6.527083333333334,2.185229985544555,0.14337242858607047,0.18546003026777552,0.16058508563084128,596,1
Human Diseases,Infectious disease: bacterial,hsa05152,Tuberculosis,1/8,181/9399,0.0055248618784530384,6.491022099447513,2.177112747496512,0.14411578692985105,0.18546003026777552,0.16058508563084128,596,1
Organismal Systems,Immune system,hsa04621,NOD-like receptor signaling pathway,1/8,187/9399,0.0053475935828877,6.282754010695187,2.129663661590824,0.14856409546680371,0.18546003026777552,0.16058508563084128,596,1
Organismal Systems,Immune system,hsa04062,Chemokine signaling pathway,1/8,193/9399,0.0051813471502590676,6.087435233160622,2.084245421594029,0.15299216145407024,0.18546003026777552,0.16058508563084128,2309,1
Human Diseases,Cancer: overview,hsa05202,Transcriptional misregulation in cancer,1/8,201/9399,0.004975124378109453,5.845149253731343,2.0265871266895146,0.15886489754652577,0.18546003026777552,0.16058508563084128,3205,1
Cellular Processes,Cellular community - eukaryotes,hsa04510,Focal adhesion,1/8,203/9399,0.0049261083743842365,5.78756157635468,2.0126567031009723,0.16032750246241678,0.18546003026777552,0.16058508563084128,596,1
Human Diseases,Cancer: overview,hsa05205,Proteoglycans in cancer,1/8,204/9399,0.004901960784313725,5.759191176470588,2.0057609011121014,0.16105797005488098,0.18546003026777552,0.16058508563084128,27250,1
Human Diseases,Infectious disease: viral,hsa05169,Epstein-Barr virus infection,1/8,205/9399,0.004878048780487805,5.73109756097561,1.9989106331295579,0.16178788155456147,0.18546003026777552,0.16058508563084128,596,1
Human Diseases,Infectious disease: viral,hsa05170,Human immunodeficiency virus 1 infection,1/8,214/9399,0.004672897196261682,5.490070093457944,1.9392206209998586,0.1683321206907874,0.18546003026777552,0.16058508563084128,596,1
Human Diseases,Cardiovascular disease,hsa05417,Lipid and atherosclerosis,1/8,216/9399,0.004629629629629629,5.439236111111111,1.9264139814135548,0.16978030957737855,0.18546003026777552,0.16058508563084128,596,1
Human Diseases,Cancer: overview,hsa05207,Chemical carcinogenesis - receptor activation,1/8,217/9399,0.004608294930875576,5.414170506912442,1.9200702605080342,0.17050357621392265,0.18546003026777552,0.16058508563084128,596,1
Human Diseases,Cancer: overview,hsa05208,Chemical carcinogenesis - reactive oxygen species,1/8,227/9399,0.004405286343612335,5.175660792951542,1.8587154587389572,0.1777059755010023,0.1899615600183128,0.16448284483758838,2309,1
Human Diseases,Infectious disease: bacterial,hsa05132,Salmonella infection,1/8,248/9399,0.004032258064516129,4.737399193548387,1.7408760231645712,0.19265313259765804,0.20244905459414914,0.1752954462529984,596,1
Environmental Information Processing,Signaling molecules and interaction,hsa04517,IgSF CAM signaling,1/8,299/9399,0.0033444816053511705,3.9293478260869565,1.502424419516969,0.2279678097678216,0.23556673676008236,0.20397119821331408,23705,1
Human Diseases,Neurodegenerative disease,hsa05014,Amyotrophic lateral sclerosis,1/8,368/9399,0.002717391304347826,3.192595108695652,1.2523370311489004,0.27359170789038734,0.2780768178558035,0.24077958761707946,596,1
Human Diseases,Neurodegenerative disease,hsa05022,Pathways of neurodegeneration - multiple diseases,1/8,480/9399,0.0020833333333333333,2.44765625,0.9502432208184153,0.3426351953295459,0.3426351953295459,0.2966790316096238,596,1
