"ONTOLOGY","ID","Description","GeneRatio","BgRatio","RichFactor","FoldEnrichment","zScore","pvalue","p.adjust","qvalue","geneID","Count"
"BP","GO:0097191","extrinsic apoptotic signaling pathway","4/11","239/18860",0.0167364016736402,28.6953214149867,10.4091526069794,7.73914114644639e-06,0.00131252458131536,0.000612366569725936,"FOXO3/BCL2/CYLD/CASP2",4
"BP","GO:0097192","extrinsic apoptotic signaling pathway in absence of ligand","3/11","71/18860",0.0422535211267606,72.4455825864277,14.5701572411452,8.25522021041353e-06,0.00131252458131536,0.000612366569725936,"FOXO3/BCL2/CASP2",3
"BP","GO:0008406","gonad development","4/11","243/18860",0.0164609053497942,28.2229704451927,10.3179950386348,8.26394843386504e-06,0.00131252458131536,0.000612366569725936,"FOXO3/BCL2/HOXA9/CASP2",4
"BP","GO:0045137","development of primary sexual characteristics","4/11","248/18860",0.0161290322580645,27.6539589442815,10.2071044399256,8.95648391980031e-06,0.00131252458131536,0.000612366569725936,"FOXO3/BCL2/HOXA9/CASP2",4
"BP","GO:0038034","signal transduction in absence of ligand","3/11","73/18860",0.0410958904109589,70.4607721046077,14.3642790847039,8.97759631542653e-06,0.00131252458131536,0.000612366569725936,"FOXO3/BCL2/CASP2",3
"BP","GO:0007548","sex differentiation","4/11","297/18860",0.0134680134680135,23.0915212733395,9.27024647829064,1.82276330879979e-05,0.00222073329788774,0.00103609703868619,"FOXO3/BCL2/HOXA9/CASP2",4
"BP","GO:0048608","reproductive structure development","4/11","318/18860",0.0125786163522013,21.5666094911378,8.93530721778799,2.38375512734037e-05,0.00230193225227159,0.00107398091977248,"FOXO3/BCL2/HOXA9/CASP2",4
"BP","GO:0061458","reproductive system development","4/11","323/18860",0.0123839009287926,21.2327610470025,8.86029545858706,2.53419209899555e-05,0.00230193225227159,0.00107398091977248,"FOXO3/BCL2/HOXA9/CASP2",4
"BP","GO:0008585","female gonad development","3/11","107/18860",0.0280373831775701,48.071367884452,11.7957306382459,2.83411631606626e-05,0.00230193225227159,0.00107398091977248,"FOXO3/BCL2/CASP2",3
"BP","GO:0046545","development of primary female sexual characteristics","3/11","111/18860",0.027027027027027,46.3390663390663,11.5732816673617,3.16320129481438e-05,0.00231230014650931,0.00107881812581038,"FOXO3/BCL2/CASP2",3
"BP","GO:0046660","female sex differentiation","3/11","126/18860",0.0238095238095238,40.8225108225108,10.834532313831,4.61964679424714e-05,0.00306996527872242,0.0014323115419484,"FOXO3/BCL2/CASP2",3
"BP","GO:0010623","programmed cell death involved in cell development","2/11","26/18860",0.0769230769230769,131.888111888112,16.1334448724883,9.97467817066326e-05,0.0060762414522957,0.00283490853271482,"BCL2/CASP2",2
"BP","GO:2000353","positive regulation of endothelial cell apoptotic process","2/11","29/18860",0.0689655172413793,118.244514106583,15.2639295895065,0.000124487849569844,0.0070000475411966,0.00326591605349226,"FOXO3/PDCD4",2
"BP","GO:0035115","embryonic forelimb morphogenesis","2/11","33/18860",0.0606060606060606,103.911845730028,14.2936548721175,0.000161689587973023,0.00835831030391699,0.00389962205841904,"RECK/HOXA9",2
"BP","GO:0072331","signal transduction by p53 class mediator","3/11","196/18860",0.0153061224489796,26.2430426716141,8.58180989631178,0.000171511155347134,0.00835831030391699,0.00389962205841904,"FOXO3/BCL2/CASP2",3
"BP","GO:0043369","CD4-positive or CD8-positive, alpha-beta T cell lineage commitment","2/11","36/18860",0.0555555555555556,95.2525252525253,13.6741331273226,0.000192740988475254,0.00880585391096318,0.00410842633328831,"BCL2/CYLD",2
"BP","GO:0046329","negative regulation of JNK cascade","2/11","38/18860",0.0526315789473684,90.2392344497608,13.3022855223012,0.000214937631129595,0.00924231813857257,0.00431206145424078,"PDCD4/CYLD",2
"BP","GO:0035136","forelimb morphogenesis","2/11","40/18860",0.05,85.7272727272727,12.958505844407,0.000238328147099756,0.00967877086277344,0.00451569120820591,"RECK/HOXA9",2
"BP","GO:0002360","T cell lineage commitment","2/11","42/18860",0.0476190476190476,81.6450216450216,12.6394155212997,0.000262910230673477,0.010115125190648,0.00471927505474829,"BCL2/CYLD",2
"BP","GO:0022602","ovulation cycle process","2/11","50/18860",0.04,68.5818181818182,11.5593121485254,0.000373108229930625,0.0128992785694995,0.00601823926347157,"FOXO3/CASP2",2
"BP","GO:0042149","cellular response to glucose starvation","2/11","50/18860",0.04,68.5818181818182,11.5593121485254,0.000373108229930625,0.0128992785694995,0.00601823926347157,"FOXO3/BCL2",2
"BP","GO:0043368","positive T cell selection","2/11","51/18860",0.0392156862745098,67.2370766488414,11.442341550933,0.000388213582118999,0.0128992785694995,0.00601823926347157,"BCL2/CYLD",2
"BP","GO:0043523","regulation of neuron apoptotic process","3/11","264/18860",0.0113636363636364,19.4834710743802,7.30612742645144,0.000411735419127223,0.0130860257122609,0.00610536731337393,"FOXO3/BCL2/CASP2",3
"BP","GO:0060828","regulation of canonical Wnt signaling pathway","3/11","278/18860",0.0107913669064748,18.5022890778286,7.1020305860099,0.000478900386017604,0.0145865075907862,0.0068054265381449,"FOXO3/RECK/CYLD",3
"BP","GO:0071695","anatomical structure maturation","3/11","287/18860",0.0104529616724739,17.9220779220779,6.97854888603325,0.000525597408051273,0.0153684682114192,0.00717025516667842,"FOXO3/RECK/BCL2",3
"BP","GO:0001541","ovarian follicle development","2/11","62/18860",0.032258064516129,55.307917888563,10.3470057499116,0.000573762133053321,0.0157327416146934,0.00734020920607771,"FOXO3/BCL2",2
"BP","GO:0048511","rhythmic process","3/11","302/18860",0.00993377483443709,17.0319084888621,6.78476214527382,0.00060977472067355,0.0157327416146934,0.00734020920607771,"FOXO3/KDM5A/CASP2",3
"BP","GO:0045058","T cell selection","2/11","64/18860",0.03125,53.5795454545455,10.1785429084952,0.000611300124729505,0.0157327416146934,0.00734020920607771,"BCL2/CYLD",2
"BP","GO:0048599","oocyte development","2/11","67/18860",0.0298507462686567,51.1804613297151,9.93997998098207,0.000669789144037078,0.0157327416146934,0.00734020920607771,"FOXO3/BCL2",2
"BP","GO:2000351","regulation of endothelial cell apoptotic process","2/11","67/18860",0.0298507462686567,51.1804613297151,9.93997998098207,0.000669789144037078,0.0157327416146934,0.00734020920607771,"FOXO3/PDCD4",2
"BP","GO:0042698","ovulation cycle","2/11","68/18860",0.0294117647058824,50.427807486631,9.8639489646509,0.000689866225335029,0.0157327416146934,0.00734020920607771,"FOXO3/CASP2",2
"BP","GO:0051402","neuron apoptotic process","3/11","318/18860",0.00943396226415094,16.1749571183533,6.59286616628148,0.000708635224224695,0.0157327416146934,0.00734020920607771,"FOXO3/BCL2/CASP2",3
"BP","GO:0043525","positive regulation of neuron apoptotic process","2/11","69/18860",0.0289855072463768,49.6969696969697,9.78955727441786,0.000710233205588075,0.0157327416146934,0.00734020920607771,"FOXO3/CASP2",2
"BP","GO:0009994","oocyte differentiation","2/11","71/18860",0.028169014084507,48.2970550576184,9.64546028299185,0.000751835731889854,0.015858175657317,0.00739873124482786,"FOXO3/BCL2",2
"BP","GO:0030217","T cell differentiation","3/11","330/18860",0.00909090909090909,15.5867768595041,6.45788214996955,0.000789156956747984,0.015858175657317,0.00739873124482786,"FOXO3/BCL2/CYLD",3
"BP","GO:0072577","endothelial cell apoptotic process","2/11","73/18860",0.0273972602739726,46.9738480697385,9.50725372411592,0.000794594462619718,0.015858175657317,0.00739873124482786,"FOXO3/PDCD4",2
"BP","GO:0060070","canonical Wnt signaling pathway","3/11","333/18860",0.00900900900900901,15.4463554463554,6.42524034803333,0.000810163297135477,0.015858175657317,0.00739873124482786,"FOXO3/RECK/CYLD",3
"BP","GO:0097193","intrinsic apoptotic signaling pathway","3/11","335/18860",0.00895522388059702,15.3541383989145,6.40371418697709,0.000824364808451499,0.015858175657317,0.00739873124482786,"BCL2/CYLD/CASP2",3
"BP","GO:0051251","positive regulation of lymphocyte activation","3/11","346/18860",0.00867052023121387,14.8660010509721,6.28855211078457,0.000905329407631204,0.0169691229994464,0.0079170506902162,"FOXO3/BCL2/CYLD",3
"BP","GO:0030111","regulation of Wnt signaling pathway","3/11","356/18860",0.00842696629213483,14.4484167517875,6.188349931249,0.000983201517732432,0.0178516675895197,0.00832880740010711,"FOXO3/RECK/CYLD",3
"BP","GO:0030330","DNA damage response, signal transduction by p53 class mediator","2/11","82/18860",0.024390243902439,41.8181818181818,8.94844205696131,0.00100125632171041,0.0178516675895197,0.00832880740010711,"FOXO3/CASP2",2
"BP","GO:0021700","developmental maturation","3/11","364/18860",0.00824175824175824,14.1308691308691,6.11106315562465,0.0010484884548441,0.0182486919164532,0.0085140415882077,"FOXO3/RECK/BCL2",3
"BP","GO:0048872","homeostasis of number of cells","3/11","369/18860",0.00813008130081301,13.9393939393939,6.0639894150467,0.00109066423664475,0.0185412920229608,0.00865055600178457,"FOXO3/BCL2/CYLD",3
"BP","GO:0002696","positive regulation of leukocyte activation","3/11","381/18860",0.0078740157480315,13.5003579098067,5.95466342082409,0.00119626478873625,0.0198743081946863,0.00927248305144842,"FOXO3/BCL2/CYLD",3
"BP","GO:0030336","negative regulation of cell migration","3/11","391/18860",0.00767263427109974,13.1550802139037,5.86726944363732,0.00128907283484674,0.0209402720505104,0.00976981516936478,"FOXO3/RECK/BCL2",3
"BP","GO:0050867","positive regulation of cell activation","3/11","401/18860",0.00748129675810474,12.8270233507141,5.78302502029764,0.00138634213701335,0.0218793772789595,0.0102079605995865,"FOXO3/BCL2/CYLD",3
"BP","GO:2000146","negative regulation of cell motility","3/11","406/18860",0.00738916256157635,12.6690550828482,5.74202348143053,0.00143667593623811,0.0218793772789595,0.0102079605995865,"FOXO3/RECK/BCL2",3
"BP","GO:2001233","regulation of apoptotic signaling pathway","3/11","406/18860",0.00738916256157635,12.6690550828482,5.74202348143053,0.00143667593623811,0.0218793772789595,0.0102079605995865,"BCL2/CYLD/CASP2",3
"BP","GO:0040013","negative regulation of locomotion","3/11","424/18860",0.00707547169811321,12.131217838765,5.60020308125252,0.00162744427459563,0.0242788115250899,0.0113274316856924,"FOXO3/RECK/BCL2",3
"BP","GO:0045089","positive regulation of innate immune response","3/11","432/18860",0.00694444444444444,11.9065656565657,5.53990484666922,0.00171712356479673,0.0249819505707932,0.0116554856144244,"CADM1/CYLD/LSM14A",3
"BP","GO:1901222","regulation of non-canonical NF-kappaB signal transduction","2/11","109/18860",0.018348623853211,31.4595496246872,7.7043503754601,0.00175940312898554,0.0249819505707932,0.0116554856144244,"PDCD4/CYLD",2
"BP","GO:0030098","lymphocyte differentiation","3/11","441/18860",0.00680272108843537,11.6635745207174,5.47394708248605,0.0018216831897134,0.0249819505707932,0.0116554856144244,"FOXO3/BCL2/CYLD",3
"BP","GO:0008630","intrinsic apoptotic signaling pathway in response to DNA damage","2/11","111/18860",0.018018018018018,30.8927108927109,7.6304342126309,0.00182370412807699,0.0249819505707932,0.0116554856144244,"BCL2/CASP2",2
"BP","GO:1903706","regulation of hemopoiesis","3/11","443/18860",0.00677200902934537,11.6109172994049,5.45955020922542,0.00184545188895052,0.0249819505707932,0.0116554856144244,"FOXO3/CYLD/HOXA9",3
"BP","GO:0010720","positive regulation of cell development","3/11","451/18860",0.00665188470066519,11.404958677686,5.40287658734549,0.00194248529650096,0.0258173954862219,0.0120452676759103,"FOXO3/BCL2/CYLD",3
"BP","GO:0048477","oogenesis","2/11","118/18860",0.0169491525423729,29.060092449923,7.38641407425376,0.00205749707676592,0.0268576850556408,0.0125306212945894,"FOXO3/BCL2",2
"BP","GO:0002833","positive regulation of response to biotic stimulus","3/11","465/18860",0.00645161290322581,11.0615835777126,5.30706534482066,0.00211992839480513,0.0271871518702201,0.0126843361018811,"CADM1/CYLD/LSM14A",3
"BP","GO:0045582","positive regulation of T cell differentiation","2/11","125/18860",0.016,27.4327272727273,7.16278059596307,0.00230481303784247,0.0290485919079801,0.0135528026181663,"FOXO3/CYLD",2
"BP","GO:0016055","Wnt signaling pathway","3/11","487/18860",0.00616016427104723,10.5618816501773,5.16451237888142,0.00241883375057424,0.0293858633412823,0.0137101587192389,"FOXO3/RECK/CYLD",3
"BP","GO:0030326","embryonic limb morphogenesis","2/11","129/18860",0.0155038759689922,26.5821000704722,7.04307125659083,0.00245217190672807,0.0293858633412823,0.0137101587192389,"RECK/HOXA9",2
"BP","GO:0035113","embryonic appendage morphogenesis","2/11","129/18860",0.0155038759689922,26.5821000704722,7.04307125659083,0.00245217190672807,0.0293858633412823,0.0137101587192389,"RECK/HOXA9",2
"BP","GO:0033209","tumor necrosis factor-mediated signaling pathway","2/11","131/18860",0.0152671755725191,26.17626648161,6.98523779859671,0.00252749028997911,0.0297999258383021,0.0139033421723809,"FOXO3/CYLD",2
"BP","GO:0051384","response to glucocorticoid","2/11","133/18860",0.0150375939849624,25.7826384142174,6.92868426495667,0.00260389840557369,0.0301824238662874,0.0140817990246628,"FOXO3/BCL2",2
"BP","GO:0050864","regulation of B cell activation","2/11","134/18860",0.0149253731343284,25.5902306648575,6.90087256955287,0.00264251043425772,0.0301824238662874,0.0140817990246628,"BCL2/CYLD",2
"BP","GO:0045621","positive regulation of lymphocyte differentiation","2/11","141/18860",0.0141843971631206,24.3197936814958,6.71435738241323,0.00292038480115453,0.0328430967637533,0.0153231526408756,"FOXO3/CYLD",2
"BP","GO:0038061","non-canonical NF-kappaB signal transduction","2/11","146/18860",0.0136986301369863,23.4869240348692,6.58923025263186,0.00312696367226994,0.0345761435276309,0.0161317164705197,"PDCD4/CYLD",2
"BP","GO:0030183","B cell differentiation","2/11","147/18860",0.0136054421768707,23.3271490414348,6.5649548808774,0.00316908565848327,0.0345761435276309,0.0161317164705197,"BCL2/CYLD",2
"BP","GO:0046328","regulation of JNK cascade","2/11","150/18860",0.0133333333333333,22.8606060606061,6.4935538960714,0.00329705919916652,0.0349297141245032,0.0162966770485118,"PDCD4/CYLD",2
"BP","GO:0090090","negative regulation of canonical Wnt signaling pathway","2/11","150/18860",0.0133333333333333,22.8606060606061,6.4935538960714,0.00329705919916652,0.0349297141245032,0.0162966770485118,"FOXO3/CYLD",2
"BP","GO:0008584","male gonad development","2/11","154/18860",0.012987012987013,22.2668240850059,6.40153390049291,0.00347143159017196,0.0351368040724813,0.0163932961616876,"BCL2/HOXA9",2
"BP","GO:0031960","response to corticosteroid","2/11","154/18860",0.012987012987013,22.2668240850059,6.40153390049291,0.00347143159017196,0.0351368040724813,0.0163932961616876,"FOXO3/BCL2",2
"BP","GO:2001235","positive regulation of apoptotic signaling pathway","2/11","154/18860",0.012987012987013,22.2668240850059,6.40153390049291,0.00347143159017196,0.0351368040724813,0.0163932961616876,"CYLD/CASP2",2
"BP","GO:0046546","development of primary male sexual characteristics","2/11","155/18860",0.0129032258064516,22.1231671554252,6.37907259046275,0.00351569093734154,0.0351368040724813,0.0163932961616876,"BCL2/HOXA9",2
"BP","GO:0035107","appendage morphogenesis","2/11","157/18860",0.0127388535031847,21.8413433700058,6.33477820330461,0.00360500725777852,0.0351368040724813,0.0163932961616876,"RECK/HOXA9",2
"BP","GO:0035108","limb morphogenesis","2/11","157/18860",0.0127388535031847,21.8413433700058,6.33477820330461,0.00360500725777852,0.0351368040724813,0.0163932961616876,"RECK/HOXA9",2
"BP","GO:0071456","cellular response to hypoxia","2/11","159/18860",0.0125786163522013,21.5666094911378,6.29129956063078,0.00369538529828614,0.0355437717506207,0.0165831694826137,"FOXO3/BCL2",2
"BP","GO:0036294","cellular response to decreased oxygen levels","2/11","167/18860",0.0119760479041916,20.5334784975504,6.12505280258907,0.00406747199794006,0.0381195132114639,0.0177848978047582,"FOXO3/BCL2",2
"BP","GO:2001236","regulation of extrinsic apoptotic signaling pathway","2/11","167/18860",0.0119760479041916,20.5334784975504,6.12505280258907,0.00406747199794006,0.0381195132114639,0.0177848978047582,"BCL2/CYLD",2
"BP","GO:0051147","regulation of muscle cell differentiation","2/11","169/18860",0.0118343195266272,20.2904787520172,6.08529456148423,0.00416312666577731,0.0385220961099141,0.0179727253792385,"PDCD4/BCL2",2
"BP","GO:0007292","female gamete generation","2/11","176/18860",0.0113636363636364,19.4834710743802,5.95136316158012,0.00450616459009157,0.0411750789419617,0.0192104911472325,"FOXO3/BCL2",2
"BP","GO:0046661","male sex differentiation","2/11","178/18860",0.0112359550561798,19.2645556690501,5.91451236776783,0.00460652286828557,0.0415724471199599,0.0193958857612024,"BCL2/HOXA9",2
"BP","GO:0043409","negative regulation of MAPK cascade","2/11","183/18860",0.0109289617486339,18.7382016890214,5.8249619091123,0.00486196149975296,0.0428204079074628,0.0199781296882683,"PDCD4/CYLD",2
"BP","GO:0071453","cellular response to oxygen levels","2/11","183/18860",0.0109289617486339,18.7382016890214,5.8249619091123,0.00486196149975296,0.0428204079074628,0.0199781296882683,"FOXO3/BCL2",2
"BP","GO:0030178","negative regulation of Wnt signaling pathway","2/11","185/18860",0.0108108108108108,18.5356265356265,5.79013063314958,0.00496594860338388,0.042963235429721,0.0200447667639565,"FOXO3/CYLD",2
"BP","GO:0007254","JNK cascade","2/11","188/18860",0.0106382978723404,18.2398452611219,5.7388963934351,0.00512386375098228,0.042963235429721,0.0200447667639565,"PDCD4/CYLD",2
"BP","GO:0051090","regulation of DNA-binding transcription factor activity","2/11","189/18860",0.0105820105820106,18.1433381433381,5.72208124286924,0.00517701694996912,0.042963235429721,0.0200447667639565,"KDM5A/CYLD",2
"BP","GO:0045580","regulation of T cell differentiation","2/11","194/18860",0.0103092783505155,17.6757263355201,5.63990137014289,0.00544663229814647,0.042963235429721,0.0200447667639565,"FOXO3/CYLD",2
"BP","GO:2001242","regulation of intrinsic apoptotic signaling pathway","2/11","195/18860",0.0102564102564103,17.5850815850816,5.62383326670284,0.0055013234105088,0.042963235429721,0.0200447667639565,"BCL2/CYLD",2
"BP","GO:0009267","cellular response to starvation","2/11","196/18860",0.0102040816326531,17.4953617810761,5.60788415317566,0.00555626992860325,0.042963235429721,0.0200447667639565,"FOXO3/BCL2",2
"BP","GO:0048736","appendage development","2/11","196/18860",0.0102040816326531,17.4953617810761,5.60788415317566,0.00555626992860325,0.042963235429721,0.0200447667639565,"RECK/HOXA9",2
"BP","GO:0060173","limb development","2/11","196/18860",0.0102040816326531,17.4953617810761,5.60788415317566,0.00555626992860325,0.042963235429721,0.0200447667639565,"RECK/HOXA9",2
"BP","GO:0007565","female pregnancy","2/11","197/18860",0.0101522842639594,17.4065528380249,5.59205252750179,0.00561147159198104,0.042963235429721,0.0200447667639565,"RECK/BCL2",2
"BP","GO:0001959","regulation of cytokine-mediated signaling pathway","2/11","198/18860",0.0101010101010101,17.3186409550046,5.57633691413018,0.00566692814036387,0.042963235429721,0.0200447667639565,"CYLD/LSM14A",2
"BP","GO:0045664","regulation of neuron differentiation","2/11","199/18860",0.0100502512562814,17.231612608497,5.5607358634191,0.00572263931364388,0.042963235429721,0.0200447667639565,"FOXO3/BCL2",2
"BP","GO:1902107","positive regulation of leukocyte differentiation","2/11","199/18860",0.0100502512562814,17.231612608497,5.5607358634191,0.00572263931364388,0.042963235429721,0.0200447667639565,"FOXO3/CYLD",2
"BP","GO:1903708","positive regulation of hemopoiesis","2/11","199/18860",0.0100502512562814,17.231612608497,5.5607358634191,0.00572263931364388,0.042963235429721,0.0200447667639565,"FOXO3/CYLD",2
"BP","GO:0042770","signal transduction in response to DNA damage","2/11","200/18860",0.01,17.1454545454545,5.54524795105339,0.0057786048518835,0.042963235429721,0.0200447667639565,"FOXO3/CASP2",2
"BP","GO:0001542","ovulation from ovarian follicle","1/11","10/18860",0.1,171.454545454545,13.0246009220089,0.00581855035231515,0.042963235429721,0.0200447667639565,"FOXO3",1
"BP","GO:1904760","regulation of myofibroblast differentiation","1/11","10/18860",0.1,171.454545454545,13.0246009220089,0.00581855035231515,0.042963235429721,0.0200447667639565,"PDCD4",1
"BP","GO:0000302","response to reactive oxygen species","2/11","205/18860",0.00975609756097561,16.7272727272727,5.4694573160962,0.00606223893157275,0.0433097823134857,0.0202064503845768,"FOXO3/BCL2",2
"BP","GO:0060759","regulation of response to cytokine stimulus","2/11","210/18860",0.00952380952380952,16.3290043290043,5.39629510552742,0.00635219324240235,0.0433097823134857,0.0202064503845768,"CYLD/LSM14A",2
"BP","GO:0010716","negative regulation of extracellular matrix disassembly","1/11","11/18860",0.0909090909090909,155.867768595041,12.4115134389835,0.00639870928844932,0.0433097823134857,0.0202064503845768,"RECK",1
"BP","GO:0014889","muscle atrophy","1/11","11/18860",0.0909090909090909,155.867768595041,12.4115134389835,0.00639870928844932,0.0433097823134857,0.0202064503845768,"FOXO3",1
"BP","GO:0021548","pons development","1/11","11/18860",0.0909090909090909,155.867768595041,12.4115134389835,0.00639870928844932,0.0433097823134857,0.0202064503845768,"BCL2",1
"BP","GO:0042118","endothelial cell activation","1/11","11/18860",0.0909090909090909,155.867768595041,12.4115134389835,0.00639870928844932,0.0433097823134857,0.0202064503845768,"HOXA9",1
"BP","GO:0048742","regulation of skeletal muscle fiber development","1/11","11/18860",0.0909090909090909,155.867768595041,12.4115134389835,0.00639870928844932,0.0433097823134857,0.0202064503845768,"BCL2",1
"BP","GO:1905461","positive regulation of vascular associated smooth muscle cell apoptotic process","1/11","11/18860",0.0909090909090909,155.867768595041,12.4115134389835,0.00639870928844932,0.0433097823134857,0.0202064503845768,"PDCD4",1
"BP","GO:2000672","negative regulation of motor neuron apoptotic process","1/11","11/18860",0.0909090909090909,155.867768595041,12.4115134389835,0.00639870928844932,0.0433097823134857,0.0202064503845768,"BCL2",1
"BP","GO:0050851","antigen receptor-mediated signaling pathway","2/11","215/18860",0.00930232558139535,15.9492600422833,5.3256086364535,0.00664843548327289,0.0445872141125916,0.0208024441968172,"BCL2/CYLD",2
"BP","GO:0044703","multi-organism reproductive process","2/11","217/18860",0.00921658986175115,15.8022622538752,5.29799540331394,0.00676868578473812,0.0449640723676556,0.0209782697776952,"RECK/BCL2",2
"BP","GO:0002753","cytoplasmic pattern recognition receptor signaling pathway","2/11","219/18860",0.0091324200913242,15.6579493565795,5.270747199499,0.0068899349468142,0.0449640723676556,0.0209782697776952,"CYLD/LSM14A",2
"BP","GO:0001547","antral ovarian follicle growth","1/11","12/18860",0.0833333333333333,142.878787878788,11.8764589387296,0.00697856043163059,0.0449640723676556,0.0209782697776952,"FOXO3",1
"BP","GO:0071389","cellular response to mineralocorticoid stimulus","1/11","12/18860",0.0833333333333333,142.878787878788,11.8764589387296,0.00697856043163059,0.0449640723676556,0.0209782697776952,"FOXO3",1
"BP","GO:0048469","cell maturation","2/11","221/18860",0.00904977375565611,15.5162484574249,5.24385580731479,0.00701218091643329,0.0449640723676556,0.0209782697776952,"FOXO3/BCL2",2
"BP","GO:0071356","cellular response to tumor necrosis factor","2/11","226/18860",0.00884955752212389,15.1729686242961,5.1781367467682,0.00732214342454727,0.0456609419171582,0.0213033986336803,"FOXO3/CYLD",2
"BP","GO:0044706","multi-multicellular organism process","2/11","227/18860",0.00881057268722467,15.1061273528234,5.16524412791265,0.0073848791802996,0.0456609419171582,0.0213033986336803,"RECK/BCL2",2
"BP","GO:0045619","regulation of lymphocyte differentiation","2/11","227/18860",0.00881057268722467,15.1061273528234,5.16524412791265,0.0073848791802996,0.0456609419171582,0.0213033986336803,"FOXO3/CYLD",2
"BP","GO:0045637","regulation of myeloid cell differentiation","2/11","227/18860",0.00881057268722467,15.1061273528234,5.16524412791265,0.0073848791802996,0.0456609419171582,0.0213033986336803,"FOXO3/HOXA9",2
"BP","GO:0097048","dendritic cell apoptotic process","1/11","13/18860",0.0769230769230769,131.888111888112,11.4041331517243,0.00755810392883194,0.0456609419171582,0.0213033986336803,"BCL2",1
"BP","GO:1905064","negative regulation of vascular associated smooth muscle cell differentiation","1/11","13/18860",0.0769230769230769,131.888111888112,11.4041331517243,0.00755810392883194,0.0456609419171582,0.0213033986336803,"PDCD4",1
"BP","GO:2000668","regulation of dendritic cell apoptotic process","1/11","13/18860",0.0769230769230769,131.888111888112,11.4041331517243,0.00755810392883194,0.0456609419171582,0.0213033986336803,"BCL2",1
"BP","GO:1901654","response to ketone","2/11","232/18860",0.00862068965517241,14.7805642633229,5.10198754562968,0.00770226019351796,0.046150427880833,0.0215317713779104,"FOXO3/HOXA9",2
"BP","GO:0042594","response to starvation","2/11","235/18860",0.00851063829787234,14.5918762088975,5.06496812378193,0.00789564142282451,0.0469245030901196,0.0218929210183581,"FOXO3/BCL2",2
"BP","GO:0072593","reactive oxygen species metabolic process","2/11","237/18860",0.00843881856540084,14.4687380130418,5.0406642676846,0.00802578826533793,0.0472094879889684,0.022025882509073,"FOXO3/BCL2",2
"BP","GO:0014744","positive regulation of muscle adaptation","1/11","14/18860",0.0714285714285714,122.467532467532,10.98313063608,0.00813733992696308,0.0472094879889684,0.022025882509073,"FOXO3",1
"BP","GO:0033689","negative regulation of osteoblast proliferation","1/11","14/18860",0.0714285714285714,122.467532467532,10.98313063608,0.00813733992696308,0.0472094879889684,0.022025882509073,"BCL2",1
"BP","GO:0034612","response to tumor necrosis factor","2/11","244/18860",0.00819672131147541,14.053651266766,4.95787131109721,0.0084889942247615,0.0482696388391654,0.0225205025327808,"FOXO3/CYLD",2
"BP","GO:0002903","negative regulation of B cell apoptotic process","1/11","15/18860",0.0666666666666667,114.30303030303,10.604754023211,0.00871626857287255,0.0482696388391654,0.0225205025327808,"BCL2",1
"BP","GO:0036446","myofibroblast differentiation","1/11","15/18860",0.0666666666666667,114.30303030303,10.604754023211,0.00871626857287255,0.0482696388391654,0.0225205025327808,"PDCD4",1
"BP","GO:0043374","CD8-positive, alpha-beta T cell differentiation","1/11","15/18860",0.0666666666666667,114.30303030303,10.604754023211,0.00871626857287255,0.0482696388391654,0.0225205025327808,"BCL2",1
"BP","GO:0048070","regulation of developmental pigmentation","1/11","15/18860",0.0666666666666667,114.30303030303,10.604754023211,0.00871626857287255,0.0482696388391654,0.0225205025327808,"BCL2",1
"BP","GO:2000671","regulation of motor neuron apoptotic process","1/11","15/18860",0.0666666666666667,114.30303030303,10.604754023211,0.00871626857287255,0.0482696388391654,0.0225205025327808,"BCL2",1
"BP","GO:0035655","interleukin-18-mediated signaling pathway","1/11","16/18860",0.0625,107.159090909091,10.2622395937525,0.00929489001334471,0.0492359753605434,0.022971352893392,"CYLD",1
"BP","GO:0051412","response to corticosterone","1/11","16/18860",0.0625,107.159090909091,10.2622395937525,0.00929489001334471,0.0492359753605434,0.022971352893392,"FOXO3",1
"BP","GO:0051481","negative regulation of cytosolic calcium ion concentration","1/11","16/18860",0.0625,107.159090909091,10.2622395937525,0.00929489001334471,0.0492359753605434,0.022971352893392,"BCL2",1
"BP","GO:0071351","cellular response to interleukin-18","1/11","16/18860",0.0625,107.159090909091,10.2622395937525,0.00929489001334471,0.0492359753605434,0.022971352893392,"CYLD",1
"BP","GO:0140718","facultative heterochromatin formation","1/11","16/18860",0.0625,107.159090909091,10.2622395937525,0.00929489001334471,0.0492359753605434,0.022971352893392,"KDM5A",1
"BP","GO:1902166","negative regulation of intrinsic apoptotic signaling pathway in response to DNA damage by p53 class mediator","1/11","16/18860",0.0625,107.159090909091,10.2622395937525,0.00929489001334471,0.0492359753605434,0.022971352893392,"BCL2",1
"CC","GO:0097136","Bcl-2 family protein complex","1/11","10/19944",0.1,181.309090909091,13.3975581468105,0.00550301299209988,0.0428873108964325,0.0280207475911356,"BCL2",1
"CC","GO:0005741","mitochondrial outer membrane","2/11","232/19944",0.00862068965517241,15.6300940438871,5.26539575364882,0.00691518101742876,0.0428873108964325,0.0280207475911356,"FOXO3/BCL2",2
"CC","GO:1990909","Wnt signalosome","1/11","13/19944",0.0769230769230769,139.468531468531,11.731768152706,0.00714854016644861,0.0428873108964325,0.0280207475911356,"RECK",1
"CC","GO:0090571","RNA polymerase II transcription repressor complex","1/11","15/19944",0.0666666666666667,120.872727272727,10.9100945926706,0.00824418274603789,0.0428873108964325,0.0280207475911356,"FOXO3",1
"CC","GO:0031968","organelle outer membrane","2/11","262/19944",0.00763358778625954,13.8403886190146,4.91472762045232,0.00874430929167232,0.0428873108964325,0.0280207475911356,"FOXO3/BCL2",2
"CC","GO:0019867","outer membrane","2/11","264/19944",0.00757575757575758,13.7355371900826,4.89341375734449,0.00887323673719293,0.0428873108964325,0.0280207475911356,"FOXO3/BCL2",2
