Gene,Group,N,Low,Q1,Median,Q3,High,Source_file
BCL2,Normal,114,9.2,23.417,29.524,35.032,50.409,expression-of-bcl2-in-br.csv
BCL2,Luminal,566,0.52,12.08,22.444,36.687,76.362,expression-of-bcl2-in-br.csv
BCL2,HER2Pos,37,0.39,1.508,2.701,4.004,8.408,expression-of-bcl2-in-br.csv
BCL2,TNBC-BL1,13,1.25,3.587,4.82,6.335,11.73,expression-of-bcl2-in-br.csv
BCL2,TNBC-BL2,11,0.65,1.82,2.33,3.27,5.35,expression-of-bcl2-in-br.csv
BCL2,TNBC-IM,20,2.37,4.202,6.755,11.043,19.01,expression-of-bcl2-in-br.csv
BCL2,TNBC-LAR,8,1.79,2.282,2.65,3.19,3.89,expression-of-bcl2-in-br.csv
BCL2,TNBC-MSL,8,1.49,2.652,6.34,7.26,13.3,expression-of-bcl2-in-br.csv
BCL2,TNBC-M,29,1.0,2.46,3.67,6.09,12.81,expression-of-bcl2-in-br.csv
BCL2,TNBC-UNS,27,0.47,2.027,3.675,9.29,14.61,expression-of-bcl2-in-br.csv
CADM1,Normal,114,3.894,10.935,18.84,23.249,38.86,expression-of-cadm1-in-b.csv
CADM1,Luminal,566,1.531,9.574,16.36,26.329,56.235,expression-of-cadm1-in-b.csv
CADM1,HER2Pos,37,1.988,8.573,14.218,22.568,45.294,expression-of-cadm1-in-b.csv
CADM1,TNBC-BL1,13,4.9,13.65,24.72,33.86,57.02,expression-of-cadm1-in-b.csv
CADM1,TNBC-BL2,11,2.68,4.355,8.88,24.01,37.88,expression-of-cadm1-in-b.csv
CADM1,TNBC-IM,20,7.61,9.555,14.48,27.395,54.11,expression-of-cadm1-in-b.csv
CADM1,TNBC-LAR,8,1.96,9.61,16.625,20.09,29.05,expression-of-cadm1-in-b.csv
CADM1,TNBC-MSL,8,14.26,26.33,28.87,47.9,156.68,expression-of-cadm1-in-b.csv
CADM1,TNBC-M,29,4.58,17.235,32.69,64.388,149.13,expression-of-cadm1-in-b.csv
CADM1,TNBC-UNS,27,5.79,15.388,17.935,36.593,56.31,expression-of-cadm1-in-b.csv
CASP2,Normal,114,2.825,17.183,22.231,29.321,39.527,expression-of-casp2-in-b.csv
CASP2,Luminal,566,6.524,21.792,26.961,33.189,52.892,expression-of-casp2-in-b.csv
CASP2,HER2Pos,37,14.892,24.897,30.525,38.556,59.869,expression-of-casp2-in-b.csv
CASP2,TNBC-BL1,13,22.86,34.14,39.14,44.062,49.73,expression-of-casp2-in-b.csv
CASP2,TNBC-BL2,11,9.37,24.225,35.43,42.445,47.86,expression-of-casp2-in-b.csv
CASP2,TNBC-IM,20,16.77,23.77,31.31,37.65,56.68,expression-of-casp2-in-b.csv
CASP2,TNBC-LAR,8,18.91,24.005,32.84,44.285,56.26,expression-of-casp2-in-b.csv
CASP2,TNBC-MSL,8,25.26,26.39,27.27,29.525,37.48,expression-of-casp2-in-b.csv
CASP2,TNBC-M,29,11.77,34.12,40.32,59.28,95.57,expression-of-casp2-in-b.csv
CASP2,TNBC-UNS,27,7.33,25.61,34.18,46.26,75.11,expression-of-casp2-in-b.csv
CYLD,Normal,114,7.429,15.183,17.58,20.267,27.47,expression-of-cyld-in-br.csv
CYLD,Luminal,566,1.706,10.35,14.721,20.461,37.787,expression-of-cyld-in-br.csv
CYLD,HER2Pos,37,5.662,9.935,15.145,22.721,32.767,expression-of-cyld-in-br.csv
CYLD,TNBC-BL1,13,6.33,12.955,17.15,20.235,26.08,expression-of-cyld-in-br.csv
CYLD,TNBC-BL2,11,3.9,9.725,17.93,20.62,28.15,expression-of-cyld-in-br.csv
CYLD,TNBC-IM,20,9.62,15.765,24.23,31.625,50.82,expression-of-cyld-in-br.csv
CYLD,TNBC-LAR,8,2.77,8.325,11.26,13.16,25.06,expression-of-cyld-in-br.csv
CYLD,TNBC-MSL,8,5.18,10.023,15.505,25.08,32.2,expression-of-cyld-in-br.csv
CYLD,TNBC-M,29,2.2,8.51,11.94,17.4,27.58,expression-of-cyld-in-br.csv
CYLD,TNBC-UNS,27,2.22,8.11,16.65,22.63,41.48,expression-of-cyld-in-br.csv
FOXO3,Normal,114,11.955,28.656,34.681,43.23,68.696,expression-of-foxo3-in-b.csv
FOXO3,Luminal,566,4.02,18.928,25.251,33.104,57.365,expression-of-foxo3-in-b.csv
FOXO3,HER2Pos,37,8.247,16.475,25.885,40.85,76.503,expression-of-foxo3-in-b.csv
FOXO3,TNBC-BL1,13,14.67,23.163,30.54,34.553,44.36,expression-of-foxo3-in-b.csv
FOXO3,TNBC-BL2,11,7.61,12.475,19.63,28.105,45.04,expression-of-foxo3-in-b.csv
FOXO3,TNBC-IM,20,8.43,11.16,16.995,20.495,39.34,expression-of-foxo3-in-b.csv
FOXO3,TNBC-LAR,8,10.88,15.895,19.475,30.207,35.49,expression-of-foxo3-in-b.csv
FOXO3,TNBC-MSL,8,9.49,14.905,19.625,41.267,58.98,expression-of-foxo3-in-b.csv
FOXO3,TNBC-M,29,4.62,19.47,28.7,33.355,54.34,expression-of-foxo3-in-b.csv
FOXO3,TNBC-UNS,27,3.49,20.9,27.02,32.925,45.99,expression-of-foxo3-in-b.csv
HOXA9,Normal,114,2.343,5.761,8.178,12.982,22.938,expression-of-hoxa9-in-b.csv
HOXA9,Luminal,566,0.039,0.702,1.164,1.856,4.35,expression-of-hoxa9-in-b.csv
HOXA9,HER2Pos,37,0.321,0.666,1.017,1.157,2.845,expression-of-hoxa9-in-b.csv
HOXA9,TNBC-BL1,13,0.21,0.28,0.47,0.56,0.97,expression-of-hoxa9-in-b.csv
HOXA9,TNBC-BL2,11,0.48,0.97,3.0,14.84,31.24,expression-of-hoxa9-in-b.csv
HOXA9,TNBC-IM,20,0.12,0.285,0.6,0.805,2.63,expression-of-hoxa9-in-b.csv
HOXA9,TNBC-LAR,8,0.33,1.68,6.93,19.28,39.66,expression-of-hoxa9-in-b.csv
HOXA9,TNBC-MSL,8,0.71,1.26,1.63,2.62,3.67,expression-of-hoxa9-in-b.csv
HOXA9,TNBC-M,29,0.1,0.51,1.02,1.825,3.3,expression-of-hoxa9-in-b.csv
HOXA9,TNBC-UNS,27,0.21,0.31,0.63,2.105,8.71,expression-of-hoxa9-in-b.csv
KDM5A,Normal,114,4.196,12.536,15.56,19.417,28.053,expression-of-kdm5a-in-b.csv
KDM5A,Luminal,566,1.864,9.483,13.459,17.721,30.475,expression-of-kdm5a-in-b.csv
KDM5A,HER2Pos,37,2.446,7.411,10.61,13.933,22.268,expression-of-kdm5a-in-b.csv
KDM5A,TNBC-BL1,13,5.92,13.51,15.39,25.1,36.86,expression-of-kdm5a-in-b.csv
KDM5A,TNBC-BL2,11,3.79,8.7,14.61,19.89,30.61,expression-of-kdm5a-in-b.csv
KDM5A,TNBC-IM,20,5.1,10.805,13.08,17.89,27.92,expression-of-kdm5a-in-b.csv
KDM5A,TNBC-LAR,8,3.52,6.567,12.28,15.342,26.59,expression-of-kdm5a-in-b.csv
KDM5A,TNBC-MSL,8,4.15,6.558,12.94,19.82,23.34,expression-of-kdm5a-in-b.csv
KDM5A,TNBC-M,29,4.58,10.492,14.96,21.457,35.93,expression-of-kdm5a-in-b.csv
KDM5A,TNBC-UNS,27,2.06,8.685,14.855,22.305,39.89,expression-of-kdm5a-in-b.csv
LSM14A,Normal,114,37.346,62.654,74.301,83.192,106.667,expression-of-lsm14a-in.csv
LSM14A,Luminal,566,22.762,59.765,71.194,84.482,125.652,expression-of-lsm14a-in.csv
LSM14A,HER2Pos,37,28.39,44.621,56.839,69.503,105.563,expression-of-lsm14a-in.csv
LSM14A,TNBC-BL1,13,77.59,97.23,111.28,121.95,153.51,expression-of-lsm14a-in.csv
LSM14A,TNBC-BL2,11,29.04,46.445,79.61,131.38,188.61,expression-of-lsm14a-in.csv
LSM14A,TNBC-IM,20,46.58,68.89,77.8,84.83,91.72,expression-of-lsm14a-in.csv
LSM14A,TNBC-LAR,8,41.19,45.92,57.955,73.733,85.87,expression-of-lsm14a-in.csv
LSM14A,TNBC-MSL,8,33.25,39.828,70.25,102.205,118.95,expression-of-lsm14a-in.csv
LSM14A,TNBC-M,29,37.77,67.375,97.41,130.155,195.44,expression-of-lsm14a-in.csv
LSM14A,TNBC-UNS,27,10.68,62.33,87.04,101.96,179.76,expression-of-lsm14a-in.csv
PDCD4,Normal,114,8.606,99.113,143.809,199.744,345.78,expression-of-pdcd4-in-b.csv
PDCD4,Luminal,566,13.27,71.712,129.524,210.414,448.925,expression-of-pdcd4-in-b.csv
PDCD4,HER2Pos,37,22.436,40.718,60.485,79.287,128.461,expression-of-pdcd4-in-b.csv
PDCD4,TNBC-BL1,13,36.96,60.56,76.72,92.38,137.43,expression-of-pdcd4-in-b.csv
PDCD4,TNBC-BL2,11,19.94,24.78,36.25,56.29,67.68,expression-of-pdcd4-in-b.csv
PDCD4,TNBC-IM,20,30.15,50.695,66.39,81.795,141.46,expression-of-pdcd4-in-b.csv
PDCD4,TNBC-LAR,8,46.05,53.405,101.92,205.002,421.13,expression-of-pdcd4-in-b.csv
PDCD4,TNBC-MSL,8,20.62,41.587,51.045,109.525,142.18,expression-of-pdcd4-in-b.csv
PDCD4,TNBC-M,29,11.13,45.63,55.97,93.15,171.69,expression-of-pdcd4-in-b.csv
PDCD4,TNBC-UNS,27,12.66,45.373,91.4,119.317,206.0,expression-of-pdcd4-in-b.csv
PPM1L,Normal,114,0.34,3.083,4.528,6.18,10.111,expression-of-ppm1l-in-b.csv
PPM1L,Luminal,566,0.064,0.998,1.733,2.632,5.644,expression-of-ppm1l-in-b.csv
PPM1L,HER2Pos,37,0.516,1.473,2.407,4.262,7.542,expression-of-ppm1l-in-b.csv
PPM1L,TNBC-BL1,13,1.07,2.02,3.2,5.06,6.99,expression-of-ppm1l-in-b.csv
PPM1L,TNBC-BL2,11,0.22,0.53,1.71,1.89,4.7,expression-of-ppm1l-in-b.csv
PPM1L,TNBC-IM,20,0.25,0.865,2.805,4.215,6.98,expression-of-ppm1l-in-b.csv
PPM1L,TNBC-LAR,8,0.29,1.283,2.035,3.71,6.06,expression-of-ppm1l-in-b.csv
PPM1L,TNBC-MSL,8,0.62,1.725,3.46,6.815,13.23,expression-of-ppm1l-in-b.csv
PPM1L,TNBC-M,29,0.44,2.465,3.675,5.798,9.93,expression-of-ppm1l-in-b.csv
PPM1L,TNBC-UNS,27,0.36,0.94,2.12,4.04,6.67,expression-of-ppm1l-in-b.csv
RECK,Normal,114,4.88,15.622,22.496,31.371,55.59,expression-of-reck-in-br.csv
RECK,Luminal,566,0.15,3.739,6.878,11.119,23.844,expression-of-reck-in-br.csv
RECK,HER2Pos,37,0.912,3.176,6.363,7.425,12.101,expression-of-reck-in-br.csv
RECK,TNBC-BL1,13,2.25,5.697,6.555,7.308,9.7,expression-of-reck-in-br.csv
RECK,TNBC-BL2,11,1.93,3.035,5.5,7.475,11.72,expression-of-reck-in-br.csv
RECK,TNBC-IM,20,0.99,2.998,5.595,7.957,12.39,expression-of-reck-in-br.csv
RECK,TNBC-LAR,8,0.77,2.54,2.9,5.24,7.92,expression-of-reck-in-br.csv
RECK,TNBC-MSL,8,3.46,8.213,9.015,9.495,9.83,expression-of-reck-in-br.csv
RECK,TNBC-M,29,1.59,4.982,6.82,13.968,19.54,expression-of-reck-in-br.csv
RECK,TNBC-UNS,27,2.08,3.218,5.525,10.325,16.89,expression-of-reck-in-br.csv
