#node1,node2,node1_string_id,node2_string_id,neighborhood_on_chromosome,gene_fusion,phylogenetic_cooccurrence,homology,coexpression,experimentally_determined_interaction,database_annotated,automated_textmining,combined_score
BCL2,PDCD4,9606.ENSP00000381185,9606.ENSP00000280154,0,0,0,0,0.064,0,0,0.603,0.613
BCL2,CASP2,9606.ENSP00000381185,9606.ENSP00000312664,0,0,0,0,0.086,0.292,0,0.687,0.780
BCL2,CADM1,9606.ENSP00000381185,9606.ENSP00000329797,0,0,0,0,0,0.125,0,0.369,0.424
BCL2,FOXO3,9606.ENSP00000381185,9606.ENSP00000339527,0,0,0,0,0,0,0,0.730,0.730
BCL2,HOXA9,9606.ENSP00000381185,9606.ENSP00000343619,0,0,0,0,0,0,0,0.591,0.591
FOXO3,PDCD4,9606.ENSP00000339527,9606.ENSP00000280154,0,0,0,0,0.056,0,0,0.394,0.403
FOXO3,RECK,9606.ENSP00000339527,9606.ENSP00000367202,0,0,0,0,0,0,0,0.474,0.474
HOXA9,KDM5A,9606.ENSP00000343619,9606.ENSP00000382688,0,0,0,0,0,0.052,0,0.549,0.554
PDCD4,RECK,9606.ENSP00000280154,9606.ENSP00000367202,0,0,0,0,0.042,0,0,0.793,0.793
