"TCGA samples","Series 1 (low)","Series 1 (q1)","Series 1 (median)","Series 1 (q3)","Series 1 (high)"
"Normal<br>(n=114)",9.2,23.417,29.524,35.032,50.409
"Luminal<br>(n=566)",0.52,12.08,22.444,36.687,76.362
"HER2Pos<br>(n=37)",0.39,1.508,2.701,4.004,8.408
"TNBC-BL1<br>(n=13)",1.25,3.587,4.82,6.335,11.73
"TNBC-BL2<br>(n=11)",0.65,1.82,2.33,3.27,5.35
"TNBC-IM<br>(n=20)",2.37,4.202,6.755,11.043,19.01
"TNBC-LAR<br>(n=8)",1.79,2.282,2.65,3.19,3.89
"TNBC-MSL<br>(n=8)",1.49,2.652,6.34,7.26,13.3
"TNBC-M<br>(n=29)",1,2.46,3.67,6.09,12.81
"TNBC-UNS<br>(n=27)",0.47,2.027,3.675,9.29,14.61